0,1,2,3,4,5,6,7,8,9,10
47,89,98,50,1,6,44,72,18,8,56
67,63,10,82,35,7,17,79,51,3,19
1,82,62,74,71,3,69,61,58,5,55
50,77,44,6,56,2,61,19,25,9,22
100,26,17,58,83,3,70,38,55,0,81
74,86,78,54,31,1,6,55,76,7,41
45,16,60,26,48,9,92,75,7,10,31
10,76,70,89,36,2,74,13,39,4,74
97,57,81,83,3,2,5,80,8,7,65
59,26,93,35,11,1,99,60,34,10,21
75,6,25,24,94,0,40,81,90,9,35
29,34,69,42,52,10,39,47,96,2,21
47,28,85,79,74,6,40,92,39,6,0
82,10,84,11,76,6,81,32,81,6,15
62,36,70,54,60,2,69,73,62,6,41
38,77,40,87,99,6,65,64,47,7,3
90,11,90,71,33,5,58,74,70,8,44
54,47,84,66,45,1,7,30,87,10,60
64,83,59,84,22,8,54,100,0,8,86
88,54,66,95,93,3,18,97,67,4,34
86,44,0,24,75,10,6,54,30,3,95
6,64,35,25,67,2,71,19,34,8,99
43,46,28,29,42,10,50,81,27,5,45
25,33,4,22,47,3,4,43,21,9,50
85,21,77,30,95,8,93,68,33,3,58
51,33,46,86,71,9,31,55,46,6,72
45,86,86,38,37,3,49,94,97,6,19
1,27,49,7,8,4,85,42,11,7,30
98,65,28,44,48,2,91,3,36,5,46
95,19,12,33,67,2,50,75,71,0,7
73,2,25,41,97,8,63,43,19,4,2
10,49,16,25,59,6,19,57,76,3,84
56,33,8,95,85,8,30,67,67,0,48
78,28,17,31,79,9,65,44,65,8,46
25,68,100,29,8,6,69,10,18,8,19
54,29,80,1,88,1,18,59,17,7,77
24,52,77,39,62,6,71,37,5,2,100
90,8,45,60,25,6,21,89,17,2,86
60,62,6,2,43,2,57,45,3,9,82
86,95,84,96,85,7,29,89,98,9,25
7,25,63,37,49,3,21,85,43,3,30
28,83,59,60,70,4,14,92,84,9,68
87,99,53,64,86,7,24,79,81,5,96
56,1,27,20,45,9,54,98,62,10,76
44,96,20,71,57,3,92,99,26,3,9
15,56,48,89,31,4,3,65,92,1,48
29,30,41,32,11,1,24,78,41,1,3
81,45,96,28,73,0,63,60,67,6,52
65,63,37,55,51,8,19,54,12,9,60
2,93,65,20,86,1,78,54,55,6,71
81,68,64,62,82,10,22,6,23,4,19
43,29,96,83,64,1,42,98,15,2,42
40,43,56,83,56,1,55,79,37,8,58
74,96,95,96,43,3,46,61,94,8,48
34,17,99,65,100,4,71,87,56,0,36
71,72,96,26,59,6,51,96,76,3,44
19,94,46,72,47,2,25,49,55,7,19
47,60,48,65,6,7,37,89,53,7,62
88,82,66,94,89,0,17,19,22,0,9
38,88,42,74,0,1,42,22,84,9,38
84,57,70,77,67,6,50,18,90,1,40
77,72,88,91,12,0,55,76,45,10,46
96,98,48,68,76,0,80,89,0,1,6
22,4,25,4,5,9,82,78,94,6,90
51,71,5,31,18,9,67,62,94,9,32
61,71,53,7,17,5,79,79,53,10,93
91,23,13,65,28,7,98,4,44,2,64
53,80,20,82,30,0,30,59,58,1,23
1,87,77,95,67,8,64,9,100,1,95
74,46,70,16,21,6,80,55,2,2,29
3,48,52,43,88,3,66,68,26,5,48
80,84,37,53,51,6,47,24,47,8,1
91,78,72,24,41,3,86,84,70,1,60
8,100,99,4,16,3,100,8,20,4,71
98,39,80,88,62,2,93,97,93,1,76
99,86,16,57,33,6,84,65,63,7,32
92,98,14,69,10,3,30,67,80,5,75
93,95,61,58,39,0,9,3,52,5,6
20,49,38,34,72,5,34,17,64,4,98
48,23,17,95,62,9,80,77,27,7,89
17,55,6,93,22,2,24,28,61,10,34
75,25,70,52,60,4,5,45,73,4,87
63,42,59,10,39,5,9,24,46,5,11
34,0,43,36,37,5,3,84,68,8,31
58,59,73,10,84,9,83,9,30,6,75
11,57,96,23,98,6,68,21,51,5,23
74,58,47,27,29,8,45,92,61,6,24
23,90,76,94,47,8,35,40,87,9,78
78,38,7,94,44,7,8,59,95,6,46
40,92,46,39,52,8,94,3,49,1,5
60,7,5,83,84,5,19,20,34,9,56
56,69,85,77,46,3,65,75,57,7,15
18,25,97,53,42,0,10,61,97,10,57
43,2,47,92,63,2,48,50,44,7,13
88,22,18,32,37,2,68,79,40,9,87
61,69,45,38,100,1,58,70,92,1,3
64,100,91,86,65,10,20,49,72,2,58
30,55,3,94,96,0,49,87,65,2,77
88,76,28,51,12,3,25,5,62,2,33
82,18,14,24,34,1,49,44,46,2,8
95,91,84,11,54,10,73,90,95,1,97
12,51,60,63,60,7,31,88,4,10,75
69,16,64,97,34,0,30,23,31,10,0
73,72,10,48,68,3,85,76,70,9,4
3,99,64,100,62,8,24,71,7,2,14
87,85,15,63,82,4,71,96,38,3,68
24,40,5,65,30,1,46,57,82,1,72
53,99,72,26,29,9,59,63,9,3,35
46,22,7,72,22,0,53,64,44,4,83
6,89,48,38,23,1,10,46,19,7,15
73,1,60,53,27,3,71,75,9,0,99
2,80,31,40,73,3,16,6,46,8,54
92,73,0,19,99,2,18,54,87,0,61
4,71,70,22,8,7,92,9,21,8,9
94,7,44,74,26,8,22,88,83,5,61
2,44,79,56,0,0,82,69,96,5,41
72,12,75,93,100,10,26,40,3,9,53
11,36,36,16,68,9,71,18,57,0,23
46,93,34,1,76,4,45,90,2,3,71
2,81,15,59,42,6,66,40,85,0,7
37,78,13,46,51,7,28,78,62,7,48
84,31,89,64,12,0,23,85,86,4,23
85,59,78,76,50,2,81,76,48,9,58
10,26,90,84,96,7,39,13,18,6,6
51,13,98,47,45,6,66,3,27,5,92
38,59,86,73,43,9,7,29,72,6,52
57,85,69,48,83,8,23,75,12,4,38
69,16,83,33,29,1,17,95,51,2,97
56,84,81,71,46,9,89,58,23,8,52
31,43,8,99,13,3,82,22,8,6,54
33,15,62,92,52,3,100,16,20,9,56
33,42,68,23,19,3,37,47,41,0,25
83,5,96,58,83,1,34,58,73,3,10
13,68,98,77,65,8,42,77,23,5,87
21,47,93,13,70,4,6,45,82,6,79
66,43,82,27,10,0,69,75,35,0,51
69,86,31,65,39,1,11,19,48,5,93
68,99,24,47,16,1,53,70,6,4,86
90,86,8,7,52,9,57,11,39,5,51
10,90,5,65,82,8,30,83,84,9,8
34,31,97,22,25,8,65,69,81,4,43
85,93,79,34,9,2,83,43,22,2,49
74,67,63,96,27,8,5,39,71,5,95
30,92,2,37,97,0,5,44,33,8,45
38,87,46,91,30,5,100,99,80,8,34
54,41,67,51,59,9,6,37,96,1,18
54,7,100,67,96,3,76,66,41,3,7
63,74,39,86,97,9,86,87,66,2,98
95,83,70,94,86,7,33,82,24,8,75
31,69,77,92,39,10,57,82,19,1,51
55,33,20,60,28,0,51,57,59,3,60
93,64,78,41,92,9,7,56,74,0,82
5,84,98,14,89,9,89,36,16,1,28
77,55,53,80,79,3,70,12,8,3,31
69,95,90,18,58,1,27,1,76,10,42
3,32,89,23,3,9,69,6,71,3,96
44,98,73,97,38,6,82,96,37,7,10
47,1,84,28,84,7,25,32,91,6,22
44,89,82,73,88,2,99,94,75,3,92
22,84,52,7,88,6,23,52,14,4,78
0,0,17,63,87,2,38,82,98,3,43
92,12,34,42,29,5,5,44,100,2,0
60,74,48,42,87,8,49,26,19,2,63
83,98,37,42,51,10,71,14,65,8,44
86,12,16,48,62,9,23,67,62,10,33
28,75,82,19,79,2,79,75,17,7,89
61,65,91,48,17,5,42,22,76,3,40
82,93,40,62,47,4,29,92,18,4,62
17,12,26,61,74,2,12,74,29,0,71
30,19,10,42,76,8,92,88,44,2,32
36,62,72,40,30,9,95,53,39,0,21
25,14,40,26,2,4,68,92,13,2,100
4,41,49,80,96,7,31,82,90,3,42
17,14,44,37,85,4,10,75,100,8,90
98,35,38,48,64,9,23,79,7,0,0
91,68,93,4,39,3,93,49,79,8,51
75,32,43,87,96,8,78,100,64,6,24
58,5,86,18,62,1,43,82,81,5,51
3,27,27,31,71,1,44,40,73,5,82
27,69,32,20,18,5,12,61,26,9,3
72,29,84,12,24,2,88,5,81,7,87
42,1,56,10,48,5,20,32,13,1,96
96,65,4,81,62,4,88,81,39,3,95
32,13,86,45,78,6,94,61,15,0,52
73,93,64,46,25,9,9,55,34,4,52
15,49,3,13,67,1,21,18,13,8,37
42,14,36,33,91,4,68,33,67,5,42
36,64,76,50,91,6,70,32,6,1,17
95,93,79,37,86,7,15,30,62,0,53
14,29,25,23,19,4,15,55,37,3,93
62,70,73,4,65,7,71,6,52,4,60
5,87,7,41,12,0,18,39,89,10,42
19,86,54,82,15,4,41,41,61,7,79
53,2,97,61,3,5,76,62,60,6,11
61,23,71,68,11,4,3,95,37,9,26
62,60,54,35,54,1,94,95,77,5,68
88,83,11,18,71,8,84,78,57,10,8
26,19,87,48,48,10,56,62,92,8,44
43,73,27,22,24,2,71,79,30,1,95
28,25,12,6,47,1,4,20,40,5,11
74,12,65,45,64,5,5,80,27,6,74
69,73,81,45,38,5,64,45,48,8,31
59,26,81,59,64,8,94,80,82,4,31
80,59,49,74,39,7,42,29,39,4,0
50,38,98,0,25,8,8,16,31,8,95
79,74,20,95,40,3,50,82,47,0,40
90,61,29,74,24,7,83,49,74,4,61
68,30,87,9,23,5,6,71,18,9,56
0,33,41,55,87,7,62,82,18,8,5
78,46,96,66,2,0,67,84,54,3,11
7,10,85,24,0,6,67,15,57,6,59
4,44,79,89,95,1,95,6,52,0,21
97,77,29,18,14,6,75,64,80,1,85
55,21,50,98,44,3,61,73,84,5,15
16,81,93,61,40,7,37,18,73,5,84
17,84,10,40,100,8,38,55,10,5,54
21,12,89,87,53,7,63,42,69,9,44
99,66,87,40,68,7,13,53,86,4,25
57,26,26,72,96,9,70,47,44,3,30
26,40,92,4,51,3,46,0,77,7,66
59,54,29,97,27,10,80,6,31,5,73
43,44,20,83,34,10,48,28,50,1,3
95,0,86,32,100,8,94,66,44,1,41
33,6,19,92,15,1,58,44,5,9,58
74,93,70,3,44,7,94,3,42,3,74
4,40,7,44,27,2,53,49,95,3,30
74,73,2,53,33,10,47,18,49,2,37
86,19,65,12,67,3,0,45,63,3,27
30,86,24,93,93,0,36,86,93,3,94
82,91,3,15,10,8,63,98,5,7,64
63,88,35,41,84,1,79,87,99,8,49
36,55,89,83,10,1,88,41,96,5,10
78,84,24,95,62,7,71,79,84,1,56
32,80,65,20,87,0,16,46,68,2,12
28,56,41,60,28,2,55,87,67,2,100
6,17,90,90,91,10,54,76,14,4,17
87,7,10,73,86,7,96,100,78,1,51
47,96,55,3,64,9,12,95,74,10,44
83,47,79,71,64,0,23,19,54,8,11
96,37,7,66,91,1,24,93,35,7,49
99,18,15,96,81,4,96,21,69,4,0
23,29,4,61,40,1,60,48,58,4,79
42,28,8,17,92,5,98,30,3,0,43
78,9,44,28,69,9,53,13,80,6,25
79,99,18,89,76,5,3,82,46,10,90
32,64,67,1,25,2,80,3,83,8,69
98,77,97,53,57,8,98,9,16,9,74
89,30,77,50,23,3,9,65,71,4,35
82,46,5,15,71,5,76,62,88,1,41
10,37,62,73,73,7,11,100,40,4,76
21,31,52,4,20,4,88,46,62,3,0
1,37,95,60,29,5,39,61,60,9,74
92,79,46,74,14,0,74,90,63,3,96
34,38,75,90,20,5,54,9,63,8,93
47,34,64,50,10,0,46,47,38,4,34
65,67,22,78,79,9,44,79,27,10,8
82,15,73,94,64,0,23,44,67,8,16
74,77,75,59,69,2,92,3,35,5,88
22,2,68,25,32,9,61,30,6,2,65
12,19,56,13,44,2,57,37,98,3,30
79,92,1,62,77,5,79,47,54,5,6
78,35,71,8,39,7,57,81,97,1,30
7,88,68,6,30,8,30,99,18,10,22
18,11,59,12,86,9,82,33,65,3,58
17,92,61,16,28,0,15,25,0,3,83
70,34,91,47,57,9,87,68,43,2,5
42,31,52,24,41,4,41,33,67,1,11
3,6,64,31,44,4,91,60,12,7,4
79,34,35,9,19,7,2,58,12,0,78
34,20,24,60,13,5,15,62,82,6,98
21,57,27,40,67,10,93,82,54,5,73
64,97,4,59,93,3,74,60,91,8,3
15,93,52,99,40,0,28,84,8,9,72
17,33,13,98,8,7,72,70,61,0,72
24,88,68,13,13,4,54,70,89,4,31
52,1,17,74,45,4,96,13,57,4,60
71,41,59,85,39,6,24,37,22,3,88
31,82,85,90,99,4,89,24,89,8,76
39,42,91,14,48,7,82,20,34,9,36
64,69,58,76,82,3,73,18,27,2,40
45,97,40,31,37,1,100,97,0,9,56
31,68,93,16,69,1,3,0,86,1,99
90,87,8,50,17,9,20,61,76,8,2
53,21,91,51,87,5,23,54,57,4,50
86,78,88,88,43,9,93,57,73,1,45
38,98,98,4,46,7,67,35,7,4,65
7,86,73,63,29,5,73,9,62,0,43
47,15,94,35,43,4,72,30,78,8,52
64,22,52,23,32,8,62,16,0,5,44
33,94,9,29,57,0,22,6,63,2,30
68,68,23,59,64,7,23,80,61,5,82
94,77,40,47,33,2,11,30,71,2,86
63,94,50,12,61,2,96,67,46,8,24
76,33,20,20,81,8,64,10,55,1,20
24,34,36,32,58,9,29,56,69,9,44
29,15,10,46,27,7,42,68,11,3,9
50,7,86,100,50,10,87,7,4,5,99
14,99,13,20,54,0,39,83,3,7,48
22,96,88,57,42,6,46,22,15,2,71
56,35,24,41,92,3,38,81,45,5,46
0,65,97,86,31,10,14,70,3,3,6
100,2,66,70,99,1,67,91,50,6,14
93,44,37,80,90,5,97,16,26,4,65
10,40,83,47,8,4,75,54,38,2,66
29,81,69,35,66,3,36,40,61,1,10
27,96,45,90,91,6,86,79,95,3,63
88,10,57,94,19,10,12,92,79,8,28
61,30,71,96,16,2,34,1,24,2,49
11,42,22,6,39,5,39,94,55,2,15
14,15,61,31,83,7,57,72,51,6,67
63,92,16,6,11,10,72,28,84,2,85
40,62,53,98,43,3,51,9,22,7,2
2,57,60,100,13,2,68,5,28,1,84
27,52,29,5,21,8,84,22,66,5,87
28,4,40,88,46,10,80,45,96,2,25
84,75,25,8,8,10,52,32,40,1,20
73,64,72,55,22,9,97,27,9,1,96
76,2,11,83,78,7,11,1,92,2,61
8,40,97,40,10,4,53,72,16,8,63
69,56,21,43,78,4,11,50,24,4,97
20,48,95,32,95,7,78,33,97,8,51
66,47,72,100,83,5,60,76,26,1,14
21,63,98,66,8,7,59,98,37,4,8
73,95,47,74,57,1,84,47,12,1,65
14,95,44,24,8,10,39,11,11,10,93
61,28,55,30,79,9,58,96,15,8,98
5,14,27,71,28,0,21,48,98,6,94
64,92,95,64,44,1,2,80,57,3,1
16,60,4,34,95,4,1,35,96,8,95
70,62,36,79,40,1,65,78,82,2,56
64,73,22,27,16,9,28,68,72,4,8
1,80,99,70,79,5,83,9,100,10,61
51,24,26,78,72,10,43,39,79,7,82
72,85,4,61,2,8,75,61,66,7,50
45,100,73,9,27,0,28,84,57,6,75
94,62,10,52,58,10,100,82,63,6,23
26,3,33,21,50,6,25,27,83,9,33
96,72,91,4,48,1,80,78,50,8,73
75,57,98,55,82,10,94,50,62,6,9
44,88,77,18,62,1,75,78,92,8,4
42,9,48,6,59,7,100,13,21,0,37
22,45,90,24,79,6,26,3,38,10,77
94,80,86,96,38,8,0,94,99,7,76
71,49,9,33,89,1,42,67,63,3,99
92,35,93,7,39,4,73,47,20,7,19
31,77,60,45,71,4,77,67,60,2,0
26,54,37,74,5,7,40,71,2,1,92
90,14,84,51,77,7,2,56,26,9,68
31,32,84,57,76,9,39,25,26,8,92
100,7,90,57,38,0,82,94,50,1,66
51,23,96,49,57,1,25,67,16,5,61
100,16,83,31,2,0,6,91,30,3,20
17,64,47,94,7,1,63,32,23,5,35
81,55,36,21,99,8,23,27,86,10,50
16,32,57,67,46,3,34,65,58,8,92
31,88,17,61,20,6,29,5,97,2,60
24,55,0,81,94,0,90,16,87,6,40
8,41,0,39,21,10,37,8,40,10,59
45,0,42,18,100,9,44,31,20,8,55
75,65,46,56,4,9,92,73,31,4,29
4,40,18,79,100,10,61,22,1,5,41
14,22,75,66,57,9,33,36,62,5,75
16,51,24,71,77,8,45,76,94,6,19
10,47,52,47,18,7,99,1,81,6,17
87,13,38,93,14,2,43,12,16,4,89
13,22,41,84,78,8,65,38,43,4,23
30,63,7,56,15,1,28,2,84,1,53
37,84,74,15,7,0,15,37,65,4,76
52,75,14,9,10,7,54,44,47,5,70
32,44,1,49,73,9,35,99,60,0,62
11,2,77,17,19,8,100,69,20,5,45
18,75,94,79,32,4,44,4,88,8,55
31,28,29,4,42,8,15,25,28,9,71
7,0,72,33,4,10,12,52,37,3,75
46,100,91,24,61,5,66,36,3,3,25
64,17,67,15,95,1,20,46,79,9,46
37,71,59,25,47,3,91,71,18,8,39
20,64,46,0,33,6,52,24,47,7,100
50,5,81,82,87,5,87,75,6,8,80
15,76,68,59,19,3,73,68,15,1,79
45,18,25,65,37,4,31,32,55,6,34
70,2,47,95,2,4,25,89,35,7,1
87,63,95,1,96,3,79,53,66,6,97
51,54,4,13,91,1,71,38,29,3,4
66,72,6,19,61,7,80,97,52,10,34
50,83,54,35,43,6,62,80,32,0,63
19,11,0,83,8,3,88,79,54,9,15
84,11,6,17,34,10,65,40,21,8,47
86,44,63,17,84,4,6,23,3,8,72
52,65,57,29,86,10,10,27,65,8,22
94,24,4,72,82,0,48,53,12,3,40
74,54,96,8,23,10,46,31,73,10,16
66,30,5,28,95,5,7,93,11,6,55
52,54,61,82,96,6,11,22,2,8,61
33,85,72,33,51,8,40,91,96,8,96
27,41,7,65,12,7,34,9,3,8,25
92,1,70,40,33,0,5,57,30,6,91
1,100,2,50,43,9,32,47,71,2,15
70,99,52,32,12,5,46,41,23,2,77
30,10,20,33,64,7,27,84,68,5,32
15,64,4,50,46,4,12,64,47,7,12
45,86,65,61,23,2,10,50,100,1,72
28,83,20,17,7,7,51,8,46,10,15
38,21,71,8,59,8,49,59,46,5,18
50,88,91,28,25,1,57,44,71,5,51
4,59,54,16,27,3,80,70,27,9,77
86,51,63,33,43,4,42,35,3,2,55
80,24,66,29,39,10,88,79,89,8,28
42,38,15,18,91,8,3,1,75,8,82
49,37,55,25,66,3,99,48,33,10,75
42,53,45,38,32,1,8,67,86,0,35
76,77,54,99,49,2,70,46,67,10,99
12,57,8,62,11,10,9,35,56,10,82
90,17,91,51,52,8,40,18,63,1,7
92,12,21,66,58,1,96,27,24,3,82
78,4,61,64,37,0,25,61,58,6,13
76,44,97,36,47,8,17,40,37,10,84
62,90,23,61,22,3,53,64,72,7,98
16,28,51,99,11,5,76,72,78,9,78
11,74,93,71,59,6,24,20,71,0,72
1,33,40,51,13,2,40,40,5,1,53
72,5,79,10,62,2,77,7,34,9,92
11,6,53,71,2,6,97,15,10,0,47
41,0,7,33,9,10,38,92,43,7,46
16,98,75,78,99,3,36,65,48,4,95
53,42,31,20,88,3,69,91,21,9,97
65,85,23,58,62,1,44,72,45,3,24
19,58,45,23,25,7,4,0,21,5,88
20,80,84,19,32,8,88,1,83,9,2
81,44,84,65,80,4,96,27,81,9,68
58,18,60,5,56,2,77,75,6,9,62
79,9,1,79,81,4,16,62,15,0,79
27,26,55,78,1,4,99,6,5,3,77
9,73,90,39,10,4,94,59,90,0,34
58,58,97,28,58,4,41,35,45,3,16
11,0,93,90,52,0,92,69,11,3,60
39,41,2,57,96,4,71,51,76,7,19
100,48,22,81,35,0,39,89,91,3,18
36,57,46,72,75,1,62,41,57,2,38
52,94,6,2,15,7,50,29,91,6,26
83,69,80,88,42,3,31,100,54,10,83
28,83,24,43,71,7,76,97,56,1,66
33,4,8,15,18,6,1,11,20,1,17
24,80,86,28,6,2,50,74,8,0,11
8,66,94,30,39,2,98,12,55,4,36
83,90,74,88,86,8,16,31,28,6,78
73,68,96,21,77,3,8,84,10,5,48
84,45,60,84,10,6,86,19,90,7,0
62,89,51,27,88,8,96,10,17,8,52
86,71,74,51,14,7,89,0,61,9,28
37,9,67,19,72,7,36,15,93,5,76
91,76,99,40,84,10,93,38,100,4,35
40,83,18,90,40,9,65,78,12,10,60
6,46,76,21,83,6,91,29,9,1,50
79,83,47,89,37,1,30,87,25,6,15
83,21,14,77,26,3,1,70,53,10,64
91,18,91,16,26,7,93,89,58,7,2
80,26,68,19,92,7,49,47,73,2,96
59,85,55,24,29,0,40,93,11,1,54
74,60,31,46,42,3,43,66,78,10,55
56,19,52,67,87,4,27,23,27,9,35
31,83,39,2,31,2,32,87,82,0,29
99,97,33,56,5,6,84,55,48,0,55
86,83,96,48,28,7,35,24,24,10,28
48,52,41,60,69,2,72,56,17,10,51
31,96,15,80,94,8,12,23,25,6,41
51,38,66,65,10,9,100,37,89,4,72
38,40,30,82,51,8,40,10,7,1,50
28,12,39,65,46,0,22,47,86,7,66
24,69,12,14,82,3,25,24,1,5,45
28,86,98,96,84,7,69,89,20,3,3
37,72,67,26,94,8,61,73,11,1,94
38,20,53,75,94,6,99,7,85,9,71
66,25,28,4,26,4,49,61,98,9,85
58,62,83,52,99,4,24,56,66,2,95
78,82,33,67,87,1,30,24,16,0,11
10,34,41,88,75,5,15,51,94,6,44
7,50,68,45,96,4,80,4,35,7,84
18,12,29,33,27,9,6,18,71,5,91
17,4,97,50,4,3,37,55,53,1,46
67,65,71,3,11,7,3,18,54,1,57
85,77,1,36,49,9,1,41,69,2,4
48,61,71,46,15,4,64,78,13,1,81
93,39,55,82,89,3,80,89,82,9,42
86,55,33,20,47,0,35,79,59,8,21
53,77,96,74,74,4,92,27,50,9,37
8,19,58,74,44,10,29,13,40,2,48
39,23,7,89,20,8,52,32,65,5,54
79,58,46,23,19,9,32,88,71,9,6
64,78,89,47,74,0,27,29,13,0,24
87,49,31,53,11,8,22,77,58,5,52
20,25,73,61,13,9,98,7,40,1,23
88,58,61,93,55,9,28,16,29,10,10
29,70,89,49,67,2,75,70,48,10,89
59,43,76,40,39,4,1,20,100,10,89
7,77,59,61,22,5,60,34,96,5,42
1,65,5,56,98,1,11,37,44,3,53
85,18,74,27,82,1,80,27,26,1,12
16,46,46,52,48,2,86,77,58,8,85
5,96,66,17,76,5,20,10,44,2,83
81,55,5,70,90,6,79,17,58,9,21
69,51,40,94,23,1,11,8,22,4,32
23,14,35,42,34,2,61,4,85,3,13
65,56,61,83,100,0,88,82,80,5,74
60,72,52,64,87,5,82,94,6,4,39
60,19,88,42,17,7,48,40,34,9,67
62,32,83,69,5,5,80,51,78,0,18
14,92,100,0,19,6,94,17,52,2,23
5,69,77,51,88,0,83,52,13,4,22
75,56,50,71,89,9,100,18,84,2,28
35,3,68,93,63,8,65,41,54,10,95
82,17,67,51,21,9,25,9,30,2,100
25,58,0,22,90,10,12,66,11,10,76
4,67,53,60,87,6,0,48,91,7,88
1,74,29,81,24,9,100,68,58,5,63
78,99,48,97,81,9,69,31,15,9,96
12,51,37,53,86,0,99,74,92,2,30
67,32,81,97,75,1,58,58,88,10,47
89,57,11,31,17,2,51,79,60,8,93
14,78,87,67,38,3,34,99,2,3,30
47,27,15,65,90,8,72,81,86,2,66
55,30,7,42,65,3,5,70,47,5,39
76,82,48,86,2,7,85,89,60,6,100
86,7,59,99,41,5,67,16,1,5,39
91,64,29,25,75,9,100,96,40,8,75
89,53,97,59,84,4,69,24,8,3,13
74,42,32,92,53,7,96,92,61,5,25
72,76,40,95,10,5,85,31,62,4,10
93,74,90,75,92,0,44,30,84,2,82
63,3,75,86,64,6,37,39,36,1,80
6,22,3,89,23,5,16,42,12,6,69
17,64,77,2,31,5,11,77,86,5,15
75,18,26,71,47,10,18,73,9,9,41
76,36,4,38,30,0,38,77,21,3,42
47,95,98,39,67,2,12,57,77,0,29
2,43,87,11,54,10,38,76,94,3,26
92,73,16,92,15,0,25,63,53,0,69
57,75,69,53,14,8,10,91,12,3,67
63,81,56,46,98,2,95,13,24,4,41
32,49,42,86,28,7,72,91,93,2,76
97,71,58,47,4,2,52,58,20,3,77
63,34,85,47,7,8,18,22,12,4,0
42,36,44,55,22,4,63,56,1,2,14
93,61,70,1,42,5,66,6,16,10,49
56,14,57,46,37,5,41,80,44,4,19
81,33,56,41,86,4,15,34,37,10,38
88,9,29,63,100,0,9,28,87,7,39
25,1,65,3,62,7,11,56,86,5,56
96,17,25,47,7,3,59,67,58,0,3
20,31,3,85,25,2,7,58,31,9,97
38,96,5,40,32,4,91,97,48,6,29
20,63,78,23,69,3,55,13,30,8,1
27,74,33,8,59,5,71,11,74,6,29
12,43,76,37,91,1,3,49,63,5,13
1,46,50,3,48,10,1,7,26,1,62
47,0,65,61,90,7,20,30,82,0,37
13,41,72,65,27,4,67,27,39,2,63
59,67,34,35,85,10,53,3,23,2,81
92,69,3,76,34,8,52,3,28,2,4
54,98,100,84,71,1,100,66,88,7,36
85,46,18,75,34,6,98,39,96,0,44
11,46,0,36,72,9,78,2,40,9,62
41,49,49,20,72,9,77,73,17,2,78
63,52,58,42,7,5,5,64,11,5,53
39,13,30,69,20,6,36,66,84,7,20
39,1,59,69,71,6,7,22,19,4,59
57,39,26,48,94,2,93,52,72,6,19
24,26,28,67,22,6,100,24,79,7,62
75,26,5,14,54,7,88,93,14,4,49
57,8,56,95,57,8,59,68,39,9,70
34,37,25,38,54,6,7,12,47,8,14
5,11,59,53,82,5,5,60,100,9,81
51,59,32,29,93,10,25,81,20,8,22
74,36,64,51,94,3,0,12,13,7,76
1,21,98,44,72,1,0,0,19,9,1
45,49,8,5,28,3,13,7,79,1,39
47,24,62,58,100,0,78,88,32,0,22
73,44,68,40,31,5,32,59,46,1,64
88,26,82,1,26,0,78,42,5,8,65
8,81,100,14,8,4,14,19,75,7,13
16,42,9,17,69,1,26,77,62,2,54
62,87,77,69,50,0,16,25,61,2,6
50,2,12,65,72,4,83,72,59,8,11
16,4,84,30,68,10,52,36,10,10,90
20,77,82,63,81,1,8,17,21,10,1
3,17,10,13,11,7,64,29,65,10,41
18,9,37,80,96,8,44,84,21,0,29
57,57,10,41,44,1,76,89,64,4,42
84,49,95,70,18,6,99,33,66,10,57
51,36,76,44,11,1,57,54,73,10,25
84,55,74,5,26,4,94,12,91,0,67
18,33,98,85,72,9,65,21,56,6,92
54,53,44,96,57,2,41,66,2,9,29
67,57,14,63,34,10,52,96,28,0,7
76,19,99,46,48,10,33,82,36,3,81
40,13,31,92,85,4,80,67,83,7,40
0,46,22,10,75,1,41,49,43,6,27
41,47,89,98,89,3,76,30,51,5,91
0,83,47,55,43,0,45,46,46,4,22
29,73,47,5,60,7,65,85,26,6,29
64,38,12,2,42,0,31,49,73,6,15
63,28,50,97,99,2,51,99,2,4,48
60,53,70,47,94,5,10,73,77,9,1
62,11,1,45,61,1,71,0,4,0,55
47,69,52,15,18,8,96,3,5,10,80
35,5,38,25,99,0,60,90,72,9,88
77,29,22,22,59,7,23,62,47,1,60
95,34,82,12,51,2,66,2,10,10,79
80,5,46,15,34,4,3,16,6,0,63
96,63,5,42,10,7,49,1,37,8,3
46,64,39,11,74,4,79,26,18,1,57
49,34,7,29,76,10,6,58,41,0,83
45,1,11,56,3,3,4,14,79,1,45
67,48,59,84,56,9,66,39,8,0,18
61,38,14,41,29,3,27,20,57,5,10
23,43,83,94,92,8,20,67,72,2,22
80,66,78,16,22,4,72,78,78,6,59
96,66,12,34,69,8,3,19,25,7,72
21,14,19,49,83,5,55,56,34,3,83
20,79,61,43,49,5,10,11,48,10,59
20,61,10,45,60,0,14,55,62,9,38
24,64,55,82,9,5,9,75,86,9,63
63,13,81,56,70,3,96,11,60,0,97
7,54,60,28,67,6,60,23,97,0,8
97,23,18,70,51,9,4,90,56,4,1
14,43,41,71,46,2,74,89,83,6,33
62,10,41,60,35,3,64,92,48,3,97
23,15,64,95,58,7,79,6,63,7,54
80,12,25,83,3,1,82,29,35,2,10
13,61,99,97,72,7,52,18,92,4,94
60,17,57,92,75,5,33,35,96,10,78
22,17,69,32,2,7,44,76,73,0,71
58,24,61,32,29,3,92,100,80,8,61
17,37,27,81,3,8,36,72,10,1,83
80,14,69,51,13,5,94,53,26,5,16
95,43,67,13,76,0,47,83,33,4,97
3,72,97,100,41,3,8,23,0,6,27
38,24,61,50,12,7,37,18,82,10,15
26,63,51,100,81,3,13,67,18,1,65
29,52,63,43,5,2,37,66,76,7,87
0,77,19,84,28,6,81,50,32,0,40
63,77,97,16,5,2,0,8,67,4,29
98,72,74,55,30,8,13,18,84,10,74
65,82,53,36,24,7,68,3,35,0,100
32,74,49,57,53,2,28,74,76,10,71
50,53,46,45,26,10,32,23,70,9,55
17,98,51,55,69,5,47,21,67,0,67
37,29,90,77,96,2,15,60,70,9,48
34,50,18,12,70,9,28,56,72,2,32
60,78,76,61,40,0,84,50,43,3,43
40,35,38,24,44,5,90,4,59,8,53
43,20,71,47,61,2,69,1,18,3,74
32,39,95,51,22,7,17,70,5,9,43
55,35,47,13,31,2,93,10,2,7,33
12,7,8,24,39,2,93,40,38,2,15
45,57,21,73,84,10,33,94,6,7,67
89,40,85,93,95,7,81,38,6,9,1
49,56,90,39,91,7,92,74,71,10,4
64,41,84,39,57,8,99,97,3,0,50
0,77,43,52,50,4,82,53,51,2,59
94,99,10,17,17,3,92,24,52,3,48
46,71,85,23,48,4,3,38,43,3,60
31,98,69,49,32,3,71,33,97,0,18
76,59,12,17,9,10,97,4,79,1,27
77,38,65,78,97,3,66,66,80,7,76
32,36,10,84,50,5,7,28,42,7,76
26,13,40,72,74,9,27,26,99,2,99
35,37,10,64,86,0,0,90,42,1,19
56,94,42,27,20,6,44,94,33,3,53
59,2,31,47,53,6,34,56,33,8,17
41,19,11,28,30,5,47,16,70,4,1
2,63,25,68,7,0,60,94,0,10,5
28,4,70,10,32,2,69,94,67,9,57
82,74,21,6,15,3,31,32,32,1,54
13,41,35,97,46,2,60,45,40,0,44
31,15,35,74,18,7,77,29,49,5,61
15,11,88,0,71,2,10,60,41,2,56
72,15,94,13,84,10,36,43,40,3,81
46,53,83,70,63,9,62,37,92,6,64
11,68,13,14,9,7,84,16,14,1,7
87,85,63,64,29,1,36,25,49,8,84
92,23,17,41,42,7,29,52,99,4,73
87,24,1,47,3,3,68,13,28,3,82
95,12,34,48,33,9,68,66,23,7,89
67,45,15,84,2,7,42,77,92,8,27
39,60,27,82,35,6,10,49,57,6,1
77,27,9,4,51,7,26,58,20,6,33
40,27,2,65,55,9,53,70,66,5,33
99,69,86,99,73,1,86,14,71,7,88
100,48,96,0,33,6,30,99,12,3,6
18,97,3,21,31,7,93,26,19,3,52
3,17,70,62,41,1,47,79,36,8,30
68,14,91,26,97,3,6,63,4,9,20
63,29,24,83,86,7,98,30,38,2,90
42,58,96,52,36,9,43,12,85,7,68
43,91,53,22,20,7,59,5,64,1,72
60,11,14,78,94,4,78,38,82,0,38
29,91,63,73,79,10,76,7,64,6,57
76,70,11,51,69,5,51,65,11,2,26
45,89,64,21,67,3,22,91,65,1,52
85,100,16,96,42,6,4,18,81,1,98
98,25,50,80,91,4,53,97,69,2,74
4,76,100,88,53,9,68,13,69,3,45
59,0,89,86,99,6,24,96,89,5,24
53,90,89,51,6,5,82,35,90,0,68
55,47,32,99,87,3,65,60,69,9,3
84,94,26,93,68,3,19,27,39,0,17
72,45,17,16,96,2,94,29,85,6,30
12,69,67,3,47,2,85,15,90,3,49
5,47,83,48,8,10,70,70,69,8,29
89,11,58,16,58,4,62,80,8,10,7
65,85,45,80,42,6,42,85,62,0,45
95,48,84,0,47,4,63,47,60,6,55
66,16,3,52,16,5,75,15,23,8,65
78,20,55,24,83,9,75,12,51,9,88
43,85,92,27,68,4,80,45,83,8,45
85,55,8,97,12,2,85,72,61,10,45
33,70,32,30,55,6,85,36,72,8,47
79,16,78,74,93,7,24,43,39,8,41
24,1,44,41,37,6,97,6,13,0,59
81,57,12,26,49,6,24,34,30,7,19
71,56,100,55,23,3,12,87,86,9,41
20,14,75,20,63,8,21,50,96,4,61
54,56,63,83,54,8,52,86,42,7,22
41,22,63,22,10,10,50,47,97,6,90
90,53,92,99,15,6,56,89,49,6,85
72,45,2,8,46,6,47,95,98,10,88
59,54,42,45,91,1,27,98,80,6,43
78,24,45,32,42,1,41,1,25,6,42
98,1,69,5,94,2,50,12,62,8,44
87,71,91,84,31,2,75,53,57,6,75
65,24,9,67,3,0,7,68,7,6,81
24,68,3,83,66,3,82,50,34,2,56
15,54,90,13,27,5,9,71,73,0,15
100,32,51,21,37,2,0,78,48,4,84
14,48,27,74,67,0,13,70,47,2,46
46,11,91,9,38,7,13,53,68,6,74
38,28,52,3,90,3,45,3,0,10,13
36,69,68,37,42,0,21,87,58,7,14
18,33,40,23,49,3,94,27,81,4,67
28,89,49,22,6,4,45,99,84,2,22
12,18,52,25,83,5,89,15,96,0,74
32,23,95,36,31,0,35,93,79,8,17
48,94,7,91,3,8,27,31,97,1,46
93,19,55,12,31,4,23,37,77,6,64
54,20,55,74,15,0,69,52,11,2,56
65,50,50,25,10,6,3,36,39,2,47
26,75,12,24,14,6,1,18,71,6,37
1,33,64,84,24,5,94,100,45,3,49
65,37,91,27,67,6,42,14,43,3,76
56,63,78,52,92,4,86,22,81,9,19
24,15,34,99,50,9,90,98,83,7,30
91,64,4,89,66,1,50,93,81,8,88
64,82,5,31,67,9,55,4,2,7,89
91,0,63,58,2,4,81,51,1,4,77
15,0,61,61,9,0,80,58,81,6,25
44,2,86,21,1,10,74,4,82,5,34
70,91,100,84,97,6,82,53,88,4,63
70,58,63,68,99,8,76,35,77,9,84
29,92,25,29,88,7,60,27,59,9,89
44,47,48,7,35,6,90,49,45,3,76
82,52,24,100,1,8,54,98,17,8,32
38,16,62,84,81,1,83,94,58,9,72
27,21,7,29,63,10,35,96,6,1,45
49,56,84,30,97,7,76,87,77,4,81
56,72,40,83,19,3,82,97,89,9,34
100,100,77,24,32,0,49,84,0,7,58
87,37,50,50,58,2,37,33,38,6,79
77,45,63,72,43,2,84,20,13,2,35
36,71,21,65,34,0,0,74,8,6,89
31,85,47,100,40,8,76,84,71,3,91
21,96,73,72,80,10,37,14,58,9,64
80,46,34,49,73,7,21,2,75,6,44
1,100,85,85,60,4,65,32,57,5,84
90,26,88,37,61,1,15,55,12,5,9
37,7,27,92,41,0,83,28,11,10,43
41,34,2,82,39,5,37,63,9,7,25
79,58,56,45,26,9,45,0,36,1,55
5,0,71,93,10,3,37,49,13,9,56
56,8,62,76,78,2,58,54,95,1,86
97,8,27,70,22,10,80,41,97,1,34
81,29,45,91,7,1,42,16,78,1,21
11,13,46,27,9,8,37,71,5,8,26
73,58,30,1,95,4,68,98,94,10,40
24,83,48,96,30,5,46,28,48,0,63
6,13,41,38,92,3,72,92,90,2,68
23,98,67,54,57,3,32,6,22,4,73
24,34,97,13,76,8,21,54,19,9,35
65,54,44,100,17,4,61,74,4,1,21
5,79,17,22,77,3,84,78,34,4,6
52,8,44,11,80,10,36,42,46,1,31
65,0,25,91,98,1,64,8,62,4,72
47,49,60,34,85,10,77,51,37,0,50
43,23,36,13,72,9,56,43,75,9,98
77,24,75,2,3,0,9,45,35,0,85
89,64,36,65,78,0,8,11,56,9,84
47,14,41,18,48,5,98,22,59,10,7
31,21,71,59,63,8,38,64,35,10,13
25,86,100,79,61,3,15,76,99,2,46
24,22,76,61,78,3,97,63,55,2,59
55,100,87,38,76,3,35,61,91,9,82
65,20,3,0,40,4,54,82,39,5,71
65,35,90,60,20,6,4,48,29,1,39
26,97,23,20,91,3,75,54,64,10,44
92,24,18,0,74,3,80,46,72,7,58
98,77,9,84,56,9,95,85,86,1,96
30,85,45,60,90,0,53,82,3,2,25
94,89,81,99,74,2,74,89,55,6,73
74,79,46,80,71,0,11,63,77,2,4
41,37,82,73,13,7,85,15,63,1,5
16,33,31,39,33,9,32,21,12,7,24
89,30,75,46,42,4,95,42,98,0,42
89,79,68,26,13,3,98,56,91,8,71
63,36,15,81,96,1,7,89,21,1,87
53,85,69,11,69,3,31,77,72,9,97
52,44,19,88,53,2,93,63,23,9,18
51,69,45,72,89,4,37,92,76,7,45
95,84,52,22,11,10,51,8,0,10,8
23,60,46,46,95,6,26,78,29,0,8
26,34,16,66,91,8,68,19,67,8,37
79,54,4,37,22,7,80,90,8,10,87
95,90,84,46,40,7,94,45,73,6,91
17,13,93,39,71,8,95,87,6,9,19
14,10,46,56,68,8,23,52,69,9,10
52,41,17,61,96,0,94,52,62,7,15
43,36,89,71,51,1,32,28,44,1,85
48,10,88,48,80,8,6,39,68,9,76
82,50,59,15,55,1,5,97,29,3,76
78,14,47,18,37,10,11,11,22,0,51
3,9,98,29,46,3,88,58,66,2,9
43,45,29,91,91,5,79,10,32,8,22
46,10,39,50,25,3,6,37,86,2,32
79,28,7,65,74,10,100,45,65,10,91
4,92,64,33,82,8,46,6,82,5,37
93,1,18,30,20,5,55,58,59,2,0
94,98,78,55,24,1,79,49,35,10,37
75,74,7,80,75,8,31,88,37,9,87
77,19,59,51,88,0,39,13,94,6,100
100,75,60,46,82,0,16,24,87,2,11
16,88,54,27,28,1,73,0,85,6,39
16,56,97,30,55,4,42,59,62,7,27
67,79,23,16,39,5,96,17,67,1,77
26,83,4,5,74,4,18,73,52,5,14
1,63,61,52,96,9,93,86,67,2,63
33,40,14,38,8,3,86,28,47,9,71
76,52,35,13,33,3,62,18,7,4,70
82,22,10,10,76,7,41,81,47,2,3
32,10,86,46,7,10,92,65,37,0,100
11,23,39,91,97,9,70,27,16,3,15
30,0,47,65,36,10,72,83,40,2,63
62,86,61,13,31,10,63,66,99,7,49
79,66,45,35,40,6,97,55,0,0,71
60,92,62,75,81,5,77,24,60,10,19
1,46,56,30,54,6,15,51,63,1,33
21,99,68,29,56,3,51,87,89,9,34
2,69,62,4,31,1,50,72,66,4,35
29,15,13,95,65,8,37,97,44,6,26
16,10,41,33,5,5,38,21,30,0,62
12,91,17,42,94,6,58,4,86,5,60
17,10,68,42,12,0,19,35,23,7,4
88,2,54,80,26,0,97,98,59,2,99
95,45,36,86,88,1,86,5,47,9,18
50,22,22,91,26,5,62,40,18,5,52
46,36,73,27,100,4,8,11,80,3,5
80,74,49,16,54,1,4,27,92,3,43
22,41,31,22,65,5,65,28,52,3,34
28,21,34,50,46,3,17,23,9,9,100
18,16,7,55,19,8,61,36,69,9,85
77,55,34,33,24,10,1,50,19,9,6
3,52,89,18,77,8,25,1,12,2,56
1,4,46,46,26,9,42,97,70,10,63
3,83,94,56,77,7,25,26,38,8,13
30,1,30,89,45,6,17,4,28,1,27
61,3,45,41,54,7,25,55,77,6,1
67,99,60,83,79,2,35,28,0,5,49
34,78,93,99,77,4,87,45,61,7,43
37,43,88,98,46,4,95,54,38,7,44
77,44,14,86,80,9,11,58,26,8,98
96,79,18,31,42,4,3,60,97,3,13
91,2,21,67,59,5,64,46,71,7,24
70,65,70,95,22,7,19,4,41,2,9
89,63,38,61,78,8,42,57,59,7,98
12,99,67,12,28,0,89,87,23,1,6
15,42,63,65,21,8,73,25,91,6,63
15,81,40,32,40,1,90,4,70,7,1
75,32,71,39,27,9,8,26,14,9,63
33,43,26,8,95,4,48,98,77,7,75
85,23,30,52,86,1,43,64,68,8,18
75,96,16,20,69,6,92,31,78,5,31
9,21,53,90,59,2,90,90,34,8,7
79,90,82,70,75,6,86,75,38,6,80
76,96,64,53,39,9,16,46,24,4,8
61,24,100,33,71,3,65,27,85,1,26
15,8,32,85,24,3,26,7,64,10,19
34,73,53,44,18,7,13,44,1,10,33
50,83,67,26,71,2,69,54,30,5,57
87,87,47,36,47,5,64,64,83,4,8
57,73,3,18,31,9,7,79,54,6,67
48,98,3,38,10,7,19,93,41,3,14
55,11,87,39,84,9,34,27,26,7,38
42,95,94,55,7,1,19,61,27,5,71
98,82,5,7,18,9,19,77,24,1,91
49,22,38,99,28,7,69,29,26,10,66
86,94,64,63,22,2,12,97,84,10,84
16,44,97,6,17,2,98,49,86,9,76
45,67,75,95,49,4,67,90,29,1,31
73,14,40,6,7,3,58,77,20,3,71
37,85,98,4,62,6,25,66,12,7,55
79,13,18,30,46,7,72,54,64,7,1
96,49,100,1,62,1,14,99,35,9,58
29,92,6,61,48,5,37,82,54,4,40
76,54,42,40,16,10,77,85,71,5,18
76,6,95,6,39,1,36,74,55,1,72
23,84,24,43,49,4,84,58,75,7,8
17,40,1,13,37,4,98,77,10,4,45
98,77,34,50,0,3,93,36,57,3,34
41,43,10,99,59,10,24,2,24,9,8
83,84,62,48,96,3,10,18,78,8,76
62,85,8,7,21,10,55,19,28,7,76
81,44,76,5,81,2,40,11,76,3,16
30,85,47,92,12,5,4,12,37,10,48
97,73,39,82,68,10,23,47,89,4,10
80,83,0,26,64,0,91,28,5,6,84
21,19,90,68,85,1,10,12,81,0,48
28,98,89,52,24,4,43,71,91,6,64
67,23,92,19,70,7,79,92,94,5,79
0,38,35,57,70,0,55,70,59,10,5
54,78,16,78,10,0,43,77,49,4,5
50,68,56,18,83,8,96,75,14,10,30
18,76,27,24,35,2,21,19,67,10,67
27,6,80,70,93,7,45,40,29,10,21
66,63,95,81,41,3,78,96,97,1,95
19,59,51,100,50,8,53,98,38,1,45
83,57,10,57,46,7,81,76,66,1,63
21,58,44,26,23,3,24,35,16,9,88
59,14,16,79,84,10,97,67,99,8,30
5,42,35,64,30,8,77,35,53,0,59
46,31,62,15,17,5,28,33,32,8,60
12,29,61,88,42,2,95,27,32,9,77
49,34,61,25,74,6,48,66,61,0,87
86,30,86,69,30,0,80,60,36,8,15
98,55,31,34,39,6,80,66,52,2,52
23,32,28,70,59,5,95,50,99,3,86
7,23,59,16,91,10,28,45,92,1,74
88,82,68,10,77,1,51,24,95,2,34
60,74,0,87,62,8,64,46,86,8,78
24,44,24,56,28,3,54,40,76,4,81
14,32,10,98,50,7,95,7,14,4,30
98,34,22,64,1,5,42,86,13,9,94
86,45,36,83,70,9,17,70,65,10,72
67,48,1,65,90,6,94,16,64,5,85
33,78,42,46,72,5,100,93,72,9,87
64,80,10,56,74,2,96,40,43,0,9
11,80,47,61,8,2,34,54,18,8,59
12,94,55,27,84,3,27,29,25,2,67
47,79,86,30,64,3,85,29,30,1,87
55,81,26,23,51,5,62,54,65,1,10
86,94,60,19,66,4,98,12,83,6,58
40,3,13,36,76,9,19,66,62,3,48
23,48,57,15,3,6,90,94,87,3,11
4,8,9,36,36,2,58,93,26,1,52
84,88,56,80,27,9,14,0,25,3,23
67,10,59,41,90,1,77,29,22,8,100
33,67,18,39,47,0,68,12,94,8,95
79,21,93,8,88,6,93,7,39,6,80
6,15,33,9,11,7,84,31,46,7,33
15,48,87,9,18,3,34,45,59,4,95
42,50,84,75,52,7,69,88,22,8,41
85,4,51,84,94,2,98,45,50,4,2
28,47,30,40,41,10,7,24,14,3,27
41,76,25,25,70,4,31,24,86,9,64
58,15,64,87,12,2,56,75,31,3,60
16,25,86,19,79,6,48,89,85,7,88
18,36,4,53,68,10,75,90,74,9,67
80,66,16,71,58,1,55,58,86,1,92
70,52,73,100,81,0,68,24,10,0,59
68,54,31,39,88,4,38,5,73,6,54
3,37,66,6,27,5,15,90,33,7,18
86,87,47,28,72,4,96,85,30,0,74
75,32,37,45,20,1,65,20,64,1,52
76,15,83,33,20,8,89,61,76,7,21
63,91,95,82,55,3,20,77,20,0,98
36,86,18,35,62,6,80,44,73,4,96
22,98,47,38,98,8,9,95,100,7,99
21,65,83,40,11,3,48,100,12,5,66
39,62,54,95,50,7,90,78,36,1,23
51,69,21,72,76,8,76,8,75,8,94
90,49,16,24,16,3,33,15,92,5,15
34,33,4,88,8,7,82,15,68,10,64
67,39,25,75,49,6,55,55,54,4,38
92,58,99,81,77,6,31,84,51,4,3
92,32,51,34,21,10,35,34,61,10,86
19,10,94,81,18,5,65,23,96,0,40
40,41,2,81,82,6,79,78,3,0,75
75,62,20,14,98,8,49,65,17,2,71
70,59,83,58,72,3,76,55,34,3,59
82,97,13,74,69,7,38,59,14,3,63
35,14,99,71,65,5,57,31,90,6,11
65,0,52,2,25,0,88,65,88,10,59
40,75,57,46,14,10,30,97,59,7,80
