,0,1,2,3,4,5,6,7,8,9,10
0,10,2,9,9,2,1,2,7,7,7,0
1,2,1,3,7,0,10,10,3,9,0,4
2,6,1,6,4,5,0,7,0,1,6,5
3,3,5,10,9,2,0,0,8,3,6,10
4,10,3,7,5,10,2,3,7,0,1,10
5,7,7,7,5,8,10,5,5,6,3,8
6,4,2,3,6,6,7,9,0,6,4,10
7,8,3,1,6,1,9,4,5,6,6,4
8,9,3,2,5,5,1,8,7,5,7,5
9,5,0,8,5,5,5,3,7,2,10,7
10,2,3,3,4,3,4,3,0,8,6,1
11,2,10,9,2,7,4,3,7,2,2,7
12,10,9,10,1,10,10,4,4,1,1,0
13,5,0,5,3,10,10,2,3,0,6,9
14,0,4,3,1,7,9,8,0,3,2,4
15,7,2,6,10,10,10,1,7,5,10,5
16,1,2,4,10,0,5,2,6,8,4,1
17,4,9,4,4,9,5,6,9,6,10,4
18,6,1,7,0,8,9,9,1,1,5,10
19,9,3,5,5,5,6,6,3,2,8,3
20,2,0,4,2,4,10,5,5,9,2,7
21,0,4,9,10,7,5,8,0,3,5,10
22,4,9,3,7,8,5,4,6,6,5,9
23,4,0,10,0,2,6,10,2,0,4,4
24,1,8,6,6,1,3,5,3,7,6,2
25,6,10,3,5,8,7,3,8,7,1,6
26,1,0,8,7,6,7,5,9,0,7,3
27,0,1,0,3,8,6,0,3,9,8,3
28,2,0,5,7,1,8,8,1,3,0,4
29,8,0,6,1,5,8,2,3,3,3,4
30,2,0,4,5,8,9,3,5,9,5,6
31,5,7,3,9,10,3,5,1,3,4,10
32,5,4,1,0,2,0,5,5,1,6,3
33,10,0,10,6,1,3,8,2,1,1,9
34,9,2,10,9,8,8,8,6,9,3,5
35,8,8,3,10,0,10,6,7,1,7,7
36,5,6,7,3,0,1,8,9,3,3,4
37,4,0,2,9,1,2,9,8,5,5,8
38,5,6,3,0,9,3,0,10,0,5,9
39,1,10,9,5,8,0,5,10,7,0,9
40,2,9,0,2,6,2,9,6,4,5,4
41,10,8,9,4,1,9,5,10,9,10,6
42,4,4,2,3,2,10,2,10,1,1,3
43,10,6,0,7,10,4,0,10,5,3,6
44,5,3,4,6,4,7,9,3,6,7,7
45,9,9,10,0,9,8,5,5,8,3,1
46,7,3,3,1,7,10,6,0,4,4,10
47,6,2,0,1,6,2,0,6,5,6,9
48,7,10,8,10,0,6,3,6,9,7,6
49,5,5,10,9,8,3,8,9,8,9,4
50,10,2,9,8,1,8,1,3,1,6,10
51,8,2,10,4,10,1,0,0,10,9,9
52,2,5,4,4,4,4,0,3,9,5,3
53,3,4,0,1,9,9,3,10,6,8,2
54,8,4,1,3,0,4,9,2,10,6,1
55,10,5,4,8,8,8,3,2,7,5,8
56,4,0,6,4,6,7,1,10,0,8,9
57,2,0,5,2,1,4,10,5,8,7,3
58,8,8,10,10,6,7,6,5,10,7,7
59,6,8,10,3,9,7,7,4,7,7,8
60,7,0,10,1,9,0,7,7,3,6,5
61,2,4,10,8,10,0,5,0,6,3,8
62,3,9,3,6,8,0,4,0,3,3,3
63,1,7,2,9,1,9,0,4,10,10,2
64,5,0,1,7,6,8,1,7,2,6,6
65,4,6,1,0,6,7,0,9,4,6,4
66,3,2,1,2,0,3,0,4,9,3,10
67,9,2,2,8,2,8,7,10,0,6,7
68,5,6,4,9,0,5,6,9,6,7,10
69,9,9,8,4,9,3,5,9,7,3,6
70,10,1,0,1,1,3,9,9,9,2,5
71,5,5,7,3,3,2,1,7,7,0,10
72,6,8,10,2,10,8,0,2,10,5,2
73,5,10,3,5,1,5,2,8,3,4,0
74,1,2,0,2,8,0,9,3,8,8,1
75,5,10,7,10,4,6,4,9,1,1,1
76,2,10,5,8,2,4,5,5,5,1,10
77,0,6,9,10,1,9,0,2,4,2,8
78,7,1,3,6,4,0,1,6,9,3,3
79,6,5,7,7,5,10,1,5,7,5,0
80,9,9,3,2,5,10,5,9,1,1,1
81,0,9,10,3,7,6,7,6,4,5,9
82,3,6,9,8,7,6,4,1,7,10,6
83,1,5,6,5,5,10,6,9,7,10,6
84,4,10,3,4,2,9,5,8,1,4,0
85,7,5,10,9,8,5,6,2,6,6,10
86,8,10,3,9,5,1,4,1,10,9,9
87,9,3,3,2,2,2,4,8,2,8,6
88,0,3,3,1,9,4,9,2,3,2,8
89,3,1,7,8,9,0,10,8,4,7,2
90,7,1,3,1,2,10,7,3,10,7,10
91,2,5,0,7,6,10,6,9,5,2,7
92,3,5,0,0,9,8,2,7,3,2,9
93,0,7,6,7,6,10,1,7,2,4,4
94,5,10,0,1,2,3,8,6,3,0,6
95,5,7,7,5,2,7,2,2,8,8,2
96,5,5,0,3,4,5,0,9,3,3,7
97,1,8,2,8,0,5,7,1,3,8,10
98,4,3,6,2,1,2,7,7,8,1,9
99,6,4,9,8,1,0,1,4,1,3,5
100,7,2,7,5,1,4,0,9,8,1,6
101,3,8,6,1,0,0,10,5,4,6,10
102,7,3,7,0,1,9,4,0,9,1,1
103,1,6,6,0,1,8,0,8,1,5,6
104,10,9,10,1,8,1,1,3,4,6,0
105,1,0,3,3,3,1,9,0,1,6,3
106,1,6,1,5,5,9,1,4,3,2,4
107,7,4,10,0,8,8,6,4,10,1,10
108,8,0,4,9,5,5,9,9,4,7,1
109,8,9,9,5,6,6,5,3,5,1,1
110,1,6,8,2,3,5,6,6,9,1,4
111,1,3,8,7,0,8,10,10,4,3,1
112,7,1,3,9,8,9,3,6,1,10,5
113,9,9,0,5,4,4,3,7,6,0,6
114,5,10,8,1,5,5,4,3,1,3,4
115,7,5,1,10,3,8,10,10,3,1,4
116,4,1,1,9,10,0,8,8,1,1,1
117,8,9,9,7,4,9,6,8,7,0,0
118,6,10,7,9,10,6,0,6,0,5,0
119,9,6,10,8,1,5,6,1,5,3,2
120,2,3,4,5,9,6,7,2,7,8,10
121,1,10,10,7,9,6,4,7,7,0,5
122,7,7,0,3,6,4,8,9,4,6,7
123,4,10,3,8,9,2,7,2,1,5,2
124,5,4,9,9,10,0,3,1,2,0,9
125,10,5,9,0,3,5,2,9,10,4,7
126,3,9,4,7,8,1,5,9,0,3,5
127,8,10,8,5,6,1,4,5,0,5,4
128,4,5,0,9,1,7,7,5,0,4,0
129,4,0,3,1,0,6,4,1,10,3,8
130,9,2,3,9,1,8,8,0,10,3,4
131,1,8,2,6,10,2,5,1,2,3,8
132,9,6,2,0,9,1,1,8,9,6,8
133,10,0,4,10,8,6,4,1,0,0,8
134,3,10,8,3,1,6,4,6,2,0,10
135,3,10,5,6,10,6,4,6,9,7,5
136,6,4,0,4,2,2,3,5,5,8,6
137,9,6,10,7,10,0,5,4,1,3,4
138,4,5,9,3,3,8,1,5,10,9,6
139,4,5,6,0,1,7,9,0,8,3,4
140,0,7,0,5,5,1,1,3,2,5,4
141,5,9,2,1,8,5,3,3,1,10,5
142,1,3,6,3,3,6,10,9,3,4,1
143,1,1,2,10,9,6,9,0,1,10,5
144,2,5,4,5,7,7,5,5,5,6,8
145,10,7,8,6,6,6,7,2,9,2,10
146,6,4,4,3,3,7,9,3,10,5,1
147,4,6,8,10,1,3,10,8,7,1,4
148,0,2,8,7,2,5,9,3,5,8,9
149,7,0,9,3,4,6,10,10,3,10,6
150,10,2,8,1,4,6,8,2,6,4,10
151,10,0,10,6,9,2,4,8,8,1,9
152,4,1,2,5,6,0,7,0,8,10,4
153,0,2,8,8,6,7,3,6,3,0,5
154,6,6,10,5,10,3,1,0,10,10,3
155,4,0,2,7,3,6,7,0,3,10,2
156,8,0,0,10,0,7,8,4,10,1,2
157,0,4,5,8,6,0,1,4,8,4,1
158,0,1,9,5,2,8,8,6,1,4,3
159,1,4,3,6,5,4,3,4,10,7,8
160,6,3,4,1,5,9,6,1,5,6,4
161,10,10,9,6,10,2,0,0,7,9,0
162,1,10,10,4,0,1,0,2,8,3,5
163,2,6,8,9,3,6,0,3,3,5,1
164,0,1,4,2,9,6,9,6,5,10,4
165,2,7,5,5,6,7,1,7,7,2,7
166,0,0,1,1,8,2,0,6,6,1,0
167,7,7,10,5,4,1,2,7,4,3,6
168,0,0,6,10,4,1,3,3,4,3,6
169,10,10,1,9,6,0,8,0,2,1,3
170,1,9,0,0,0,10,6,4,4,7,2
171,1,4,7,5,3,10,5,5,2,4,1
172,10,4,4,10,6,1,7,9,10,3,8
173,5,10,5,8,0,2,5,8,2,2,9
174,8,3,5,6,9,0,10,5,8,5,5
175,2,5,2,2,7,1,2,4,9,1,5
176,3,3,4,5,7,4,3,8,10,1,0
177,2,8,8,8,5,8,9,4,1,7,1
178,0,6,5,9,1,6,6,5,5,0,3
179,6,8,5,0,7,3,8,0,10,8,4
180,6,6,7,7,8,6,7,4,3,2,0
181,9,8,2,3,5,2,3,4,7,5,2
182,5,6,4,5,7,8,6,8,5,8,6
183,7,7,8,8,9,8,8,1,2,10,9
184,3,3,7,9,4,5,10,8,4,8,3
185,0,7,8,0,0,10,1,8,3,0,6
186,1,5,4,4,9,8,5,2,10,8,9
187,6,2,1,1,4,0,1,3,3,0,8
188,7,4,5,3,1,3,3,3,4,9,10
189,5,4,0,4,9,10,8,9,10,0,2
190,9,0,5,0,10,3,1,2,2,10,3
191,0,8,10,4,2,7,3,9,9,2,4
192,5,5,5,6,1,5,4,3,7,6,3
193,10,0,9,9,9,0,2,0,3,1,3
194,1,3,9,5,9,8,0,2,4,5,5
195,5,0,6,2,9,1,8,8,7,3,7
196,4,1,9,7,8,4,3,4,3,4,3
197,8,1,6,8,5,0,5,9,4,2,2
198,8,5,9,5,2,1,9,3,10,4,4
199,8,8,6,9,2,3,6,6,8,6,5
200,6,3,7,1,10,2,8,5,4,10,2
201,9,10,3,10,1,9,6,3,6,2,5
202,0,6,3,3,8,10,7,2,10,6,5
203,2,5,8,3,0,2,6,8,10,0,4
204,2,8,6,10,0,9,10,10,5,8,7
205,9,2,6,10,10,7,5,7,8,1,9
206,3,3,4,1,6,9,7,6,9,10,8
207,9,2,1,7,4,5,8,0,0,10,4
208,1,1,10,1,0,7,10,4,2,9,10
209,7,5,0,4,8,10,1,3,10,1,7
210,0,8,8,7,2,0,3,6,3,6,0
211,1,10,8,0,1,3,0,10,7,2,3
212,2,0,3,5,0,1,5,10,0,1,10
213,7,0,9,10,6,1,3,7,8,6,7
214,2,4,3,1,2,8,0,2,4,0,0
215,1,8,6,5,1,0,10,1,1,9,9
216,1,4,3,9,4,5,5,7,2,6,3
217,4,1,7,6,10,1,2,0,0,8,3
218,3,10,1,3,3,0,5,6,7,0,3
219,8,10,10,6,1,9,5,5,0,4,5
220,1,1,3,1,3,6,1,10,7,7,0
221,9,7,0,7,5,1,1,7,2,1,3
222,4,9,0,4,6,9,10,3,8,1,8
223,10,3,9,9,5,4,2,3,2,5,6
224,6,9,3,10,5,10,5,9,10,9,6
225,1,4,8,1,1,5,1,6,2,1,1
226,4,7,0,8,6,4,4,6,7,3,9
227,0,7,10,9,10,8,8,0,5,10,2
228,6,8,1,3,8,0,7,8,5,1,6
229,10,4,0,3,1,4,3,5,9,8,9
230,1,1,6,9,8,3,1,10,7,1,6
231,7,10,10,7,2,4,2,6,0,8,8
232,7,6,4,5,3,10,10,9,10,0,9
233,8,9,4,6,2,4,3,1,0,7,9
234,8,8,4,10,6,9,9,2,2,0,0
235,6,3,8,0,4,4,6,6,5,8,4
236,9,9,0,9,1,8,5,8,3,9,0
237,4,6,1,8,6,5,8,1,5,5,10
238,4,0,3,4,0,3,7,1,10,2,1
239,7,5,10,0,5,7,3,8,4,8,1
240,1,10,9,4,4,4,7,1,6,7,8
241,4,3,2,8,4,0,9,8,4,2,0
242,0,9,1,0,5,9,10,1,7,0,8
243,6,2,9,1,3,9,10,1,6,1,5
244,3,8,4,2,10,0,8,6,4,1,0
245,1,5,8,7,10,2,0,8,4,6,9
246,10,10,3,5,5,2,4,2,10,9,4
247,3,6,8,1,8,2,3,5,2,8,4
248,6,4,4,1,8,1,9,6,3,3,9
249,10,8,9,2,6,1,6,8,5,6,1
250,2,4,4,4,1,9,3,5,10,2,9
251,4,7,9,4,4,5,0,10,7,0,0
252,5,4,10,3,3,10,5,1,6,2,9
253,7,9,6,4,6,1,8,2,1,9,3
254,8,9,1,4,0,9,1,7,0,6,2
255,7,3,9,5,10,1,3,10,9,5,7
256,2,5,9,7,9,6,0,4,3,1,6
257,6,2,5,6,10,5,0,5,6,1,9
258,9,10,4,3,6,8,0,9,2,8,6
259,0,10,2,4,8,10,8,6,3,6,3
260,7,7,8,9,6,8,10,10,1,2,5
261,4,10,0,8,6,0,6,8,9,5,10
262,7,10,2,4,1,10,0,6,0,6,5
263,5,10,5,9,9,0,6,9,7,3,9
264,6,10,3,3,1,10,2,7,6,7,9
265,0,2,7,4,4,4,1,10,9,0,1
266,8,9,3,5,7,7,5,7,2,0,3
267,3,9,3,8,6,2,5,7,2,6,3
268,4,6,5,10,1,4,8,1,7,6,5
269,8,7,0,9,7,2,9,8,9,7,1
270,8,9,2,1,7,9,5,1,4,10,6
271,7,7,2,6,3,2,9,8,0,5,3
272,7,7,7,7,2,0,7,10,0,7,1
273,2,7,1,7,1,7,8,7,6,7,10
274,0,1,5,10,8,6,0,5,5,8,8
275,10,1,2,2,8,3,8,3,1,5,6
276,6,2,7,2,6,0,7,8,7,2,4
277,0,5,0,0,10,5,10,3,5,7,10
278,8,2,0,4,3,9,5,4,4,2,3
279,9,8,3,5,1,0,3,2,0,6,3
280,8,10,7,9,5,4,8,2,6,10,1
281,5,6,0,5,2,7,7,4,4,0,3
282,6,10,10,5,3,1,9,7,8,1,5
283,1,7,5,0,10,3,7,2,1,8,8
284,3,5,0,0,3,6,4,3,10,0,2
285,1,6,6,5,1,2,6,2,8,3,4
286,4,2,7,3,1,3,2,8,8,2,6
287,7,1,4,5,5,8,7,7,4,3,1
288,8,6,6,4,4,0,10,9,2,1,7
289,0,10,3,1,8,3,0,6,1,7,3
290,4,10,5,7,8,1,10,6,9,10,5
291,10,8,9,7,8,9,3,10,0,2,9
292,1,6,3,5,9,7,2,5,9,2,8
293,9,9,3,9,1,7,3,1,7,0,9
294,6,10,10,7,9,5,3,8,9,8,1
295,0,3,1,7,9,9,7,1,8,2,1
296,9,4,8,2,2,8,9,5,5,0,10
297,7,7,7,1,9,7,2,4,4,10,0
298,1,3,0,9,3,1,6,4,5,10,7
299,5,10,6,4,4,7,7,4,10,1,4
300,0,7,5,7,7,3,1,4,1,4,1
301,4,7,5,9,2,9,5,7,6,10,5
302,9,2,2,7,2,4,4,3,5,2,8
303,5,9,2,2,8,0,2,3,3,4,8
304,4,4,5,6,3,7,2,3,5,2,8
305,5,8,1,6,5,5,5,5,2,8,9
306,1,9,8,1,7,7,1,5,2,4,7
307,1,10,1,2,2,6,6,1,5,8,3
308,5,4,0,1,9,10,0,8,5,3,9
309,6,3,9,1,6,9,10,2,3,0,8
310,9,7,9,9,8,9,2,9,1,4,8
311,10,9,9,8,1,1,10,8,10,1,8
312,5,8,1,6,4,0,10,1,8,5,8
313,5,7,3,2,4,8,9,1,4,8,5
314,10,10,3,3,0,0,10,5,5,1,9
315,6,5,8,1,1,3,10,10,9,3,0
316,1,6,8,6,3,9,8,7,9,6,10
317,3,8,7,6,10,1,4,4,1,5,5
318,10,9,8,5,4,10,8,0,2,9,1
319,7,1,10,9,0,2,6,1,3,9,2
320,1,1,8,8,6,7,8,10,3,9,0
321,3,4,5,4,5,3,8,6,4,4,8
322,9,6,4,6,4,8,2,6,2,1,3
323,2,1,7,5,2,8,5,0,6,0,5
324,1,7,10,0,3,9,3,3,10,10,10
325,2,1,1,3,2,3,10,0,8,3,0
326,3,2,8,4,9,4,8,0,1,6,10
327,1,7,3,0,4,0,8,7,1,5,5
328,10,6,6,5,5,0,4,0,0,5,8
329,1,8,5,9,5,9,4,3,2,6,1
330,3,1,4,3,3,0,2,3,4,6,1
331,8,2,6,2,4,2,2,7,4,3,10
332,7,1,5,2,6,2,9,9,6,8,2
333,5,4,8,10,4,10,5,4,2,0,8
334,4,6,3,5,8,0,7,10,7,7,8
335,8,10,0,9,7,10,2,9,2,9,5
336,8,2,4,7,3,5,1,6,2,1,3
337,6,1,5,0,5,5,5,1,5,9,10
338,3,5,2,6,9,3,0,5,7,9,1
339,1,9,1,7,9,5,3,10,2,3,6
340,8,2,8,2,5,1,8,1,1,0,9
341,5,8,10,8,3,9,0,5,5,6,6
342,4,4,1,2,3,5,3,10,7,8,3
343,4,10,6,9,8,1,8,6,1,3,8
344,0,4,10,6,10,0,4,1,9,8,1
345,10,1,3,8,9,3,8,10,1,1,2
346,3,3,6,3,6,6,1,8,10,6,10
347,2,1,3,8,8,6,4,1,4,7,4
348,2,2,0,3,3,2,3,1,4,2,8
349,0,4,1,6,9,9,6,9,2,9,0
350,4,4,6,1,6,6,0,8,10,7,6
351,8,0,4,4,10,7,4,10,2,0,10
352,1,7,4,5,7,6,9,0,7,10,5
353,4,8,1,4,8,6,6,5,8,0,7
354,0,10,0,8,6,8,10,9,2,8,4
355,1,2,8,2,5,9,8,0,7,6,0
356,4,9,7,8,7,4,10,4,6,5,3
357,4,2,2,0,7,2,6,9,10,9,9
358,4,5,7,8,6,8,6,1,0,0,3
359,1,9,10,7,8,0,5,10,10,10,6
360,6,6,8,7,5,0,5,6,2,5,4
361,1,8,8,3,7,3,2,7,5,9,3
362,5,5,1,5,4,8,5,6,2,2,5
363,1,7,6,10,2,7,2,7,3,5,3
364,10,5,2,1,6,10,6,7,2,8,0
365,3,2,7,5,2,7,6,9,3,2,1
366,10,0,5,2,1,5,8,9,2,1,6
367,9,7,2,1,9,9,0,7,3,2,1
368,10,0,1,0,3,5,5,0,6,6,3
369,9,5,5,5,0,8,6,4,6,0,1
370,8,10,9,9,0,4,8,3,4,0,2
371,0,4,2,6,6,4,5,8,9,5,4
372,0,4,0,4,1,3,3,1,10,2,0
373,6,0,7,0,6,10,10,2,6,8,5
374,6,7,4,4,2,7,0,3,8,9,5
375,1,2,9,5,4,2,1,7,8,8,8
376,3,5,8,7,6,1,10,6,0,10,2
377,9,0,7,4,6,4,9,3,1,0,10
378,10,10,0,7,3,1,10,4,7,8,6
379,2,8,0,6,0,2,2,10,1,8,5
380,4,8,9,2,6,2,1,3,5,0,6
381,9,0,5,7,6,6,3,0,3,9,7
382,0,3,8,9,3,9,1,9,7,3,4
383,3,9,6,1,2,7,5,10,1,5,7
384,7,2,0,5,1,7,2,10,5,6,8
385,4,9,8,9,4,8,9,10,2,1,1
386,8,7,6,7,3,9,9,7,3,6,0
387,0,6,4,2,9,1,10,6,1,8,2
388,3,10,3,9,9,2,1,5,2,2,6
389,10,9,10,4,2,9,4,9,1,7,8
390,8,4,4,1,9,8,4,3,9,4,6
391,10,10,3,10,5,10,1,0,7,6,5
392,4,7,7,7,3,9,7,1,2,8,8
393,10,10,9,5,0,0,5,8,9,10,7
394,8,5,0,10,0,10,10,10,8,7,0
395,3,0,10,6,4,2,7,6,7,2,8
396,6,7,4,0,5,8,1,7,6,6,1
397,0,4,0,3,6,8,10,7,4,7,9
398,0,0,9,10,5,1,4,0,7,3,2
399,5,0,4,4,0,9,1,8,7,6,8
400,4,6,0,0,2,1,9,4,2,7,3
401,6,10,5,3,1,2,9,1,3,5,2
402,1,4,0,5,0,2,4,7,1,9,3
403,1,3,8,3,3,1,3,10,9,3,7
404,1,4,7,10,2,0,10,8,7,4,0
405,7,10,7,7,0,9,7,3,2,1,4
406,5,0,2,0,10,1,6,5,6,3,3
407,10,2,10,10,5,4,9,2,10,7,1
408,8,1,3,8,10,8,7,5,1,9,0
409,2,4,1,5,7,2,2,9,1,5,6
410,8,5,7,6,9,4,10,3,2,0,4
411,4,8,7,0,6,5,6,3,1,7,6
412,7,0,5,1,7,1,9,6,7,3,2
413,2,1,8,4,0,7,1,8,4,2,10
414,4,9,9,3,2,7,2,1,3,3,8
415,2,3,4,9,8,2,4,9,1,2,5
416,9,1,9,8,9,3,4,10,0,8,8
417,1,3,2,10,2,7,7,10,1,1,1
418,1,3,1,6,3,1,7,7,10,10,8
419,0,5,7,9,0,3,10,6,1,8,4
420,6,10,7,6,6,7,5,7,3,1,9
421,10,5,4,9,10,3,6,8,0,8,9
422,7,4,7,3,6,8,5,0,8,6,10
423,6,9,1,9,9,8,8,10,8,5,10
424,3,2,7,6,8,2,2,1,0,8,9
425,9,4,0,6,6,5,8,0,2,3,2
426,10,5,0,10,7,9,3,1,9,9,9
427,7,9,0,6,8,3,7,3,5,10,8
428,10,5,1,3,2,5,10,9,1,2,7
429,10,1,5,8,4,6,8,0,0,5,9
430,7,6,3,2,4,6,6,0,4,4,4
431,8,9,5,9,7,3,1,8,3,1,0
432,5,5,2,10,2,7,7,10,5,4,9
433,7,9,6,7,10,4,6,10,0,3,9
434,10,10,0,1,9,3,0,7,0,9,5
435,0,3,6,4,3,1,5,9,9,4,9
436,10,10,6,0,3,9,3,9,2,0,2
437,5,4,8,6,0,4,10,9,4,10,0
438,2,2,0,7,1,9,4,1,4,10,4
439,3,8,2,9,7,9,6,6,6,3,5
440,9,4,0,3,7,1,10,8,5,8,0
441,3,9,2,4,4,4,1,4,0,4,0
442,1,4,0,4,4,2,8,5,5,3,3
443,0,9,6,2,5,8,3,6,9,6,10
444,7,4,2,8,3,7,3,4,8,10,4
445,9,0,8,10,9,5,1,10,8,0,7
446,9,3,3,9,0,8,6,3,3,6,0
447,0,5,5,4,4,7,7,6,6,9,0
448,7,5,9,7,4,10,8,10,0,9,7
449,8,6,9,6,8,2,4,2,5,1,2
450,9,5,4,9,4,8,8,10,3,5,7
451,5,10,10,9,8,4,0,0,4,4,9
452,8,10,0,6,1,8,3,9,6,2,5
453,9,4,8,3,8,10,0,2,9,7,3
454,0,10,8,2,6,2,6,3,7,2,1
455,6,3,5,1,1,8,1,10,5,0,8
456,4,0,1,2,1,2,3,5,9,5,3
457,6,4,3,7,9,3,7,9,8,3,6
458,5,3,8,8,10,5,10,9,4,0,3
459,4,8,2,5,10,9,7,6,2,8,7
460,5,2,2,0,4,9,7,6,2,10,0
461,7,5,1,9,2,8,10,0,2,7,0
462,6,0,3,1,1,1,10,6,8,10,1
463,9,2,1,10,2,2,2,7,5,5,6
464,7,8,6,4,4,1,1,9,8,4,8
465,6,1,3,3,5,1,9,2,8,0,7
466,5,5,7,10,4,2,10,4,9,8,5
467,0,5,2,1,1,5,7,4,8,8,8
468,9,4,3,9,9,8,1,0,3,5,3
469,1,1,8,9,10,9,7,6,7,6,0
470,6,1,8,5,8,0,3,0,5,10,10
471,4,5,2,1,5,0,4,7,8,8,7
472,10,6,2,4,7,7,9,6,2,0,10
473,6,5,1,2,0,4,4,10,1,6,4
474,8,1,3,5,3,10,7,5,3,6,4
475,8,7,5,4,7,3,9,5,8,0,4
476,5,1,9,1,8,0,3,5,10,9,8
477,5,2,2,1,7,0,3,5,3,7,2
478,7,6,5,6,2,8,0,0,9,9,4
479,5,8,3,9,7,5,6,7,7,5,4
480,9,6,0,2,4,3,1,6,1,5,1
481,9,7,5,6,10,6,1,6,10,2,7
482,10,5,7,9,7,6,2,4,1,6,8
483,7,1,3,0,2,4,6,2,1,2,9
484,4,9,9,3,6,0,10,9,8,0,9
485,6,3,8,8,5,9,7,3,6,9,0
486,6,6,3,10,9,10,2,9,0,9,9
487,7,0,4,2,1,9,8,10,10,10,2
488,2,4,2,8,2,10,4,1,9,2,5
489,0,0,7,2,2,10,1,10,10,2,0
490,8,0,2,6,9,9,4,2,1,9,8
491,6,7,5,10,8,7,5,9,5,2,2
492,2,10,10,7,6,1,1,4,6,10,3
493,0,3,7,8,2,7,7,5,9,3,9
494,7,5,0,0,3,3,0,3,7,7,2
495,6,5,7,2,8,10,5,7,0,8,2
496,4,0,8,1,6,4,5,5,0,9,1
497,10,2,1,1,10,6,0,4,8,8,9
498,8,3,9,3,3,1,4,6,5,5,7
499,10,10,9,5,9,7,6,10,0,3,2
500,6,3,0,5,7,7,0,7,6,1,8
501,10,8,2,4,2,10,4,2,1,8,2
502,8,10,3,6,8,3,5,5,0,0,1
503,10,8,0,2,7,1,0,3,6,10,7
504,2,0,4,4,7,7,9,7,1,8,4
505,6,7,10,6,9,8,0,9,0,5,7
506,7,0,8,2,0,3,7,2,7,0,4
507,6,3,6,5,0,0,5,1,5,5,5
508,0,4,7,4,5,5,4,7,2,2,1
509,8,6,3,7,7,10,8,7,7,7,8
510,2,0,9,6,2,7,5,5,5,3,9
511,9,6,1,0,0,7,8,8,9,0,0
512,4,6,8,2,7,3,1,9,1,0,0
513,3,9,7,0,3,0,9,1,2,2,10
514,1,1,10,2,3,1,1,2,8,10,2
515,4,9,1,8,8,8,4,10,2,3,1
516,4,9,0,7,3,4,5,4,5,3,2
517,0,8,9,10,1,4,5,9,6,10,6
518,0,2,10,9,10,2,1,4,1,4,0
519,1,1,9,7,10,1,0,0,7,6,7
520,8,5,0,6,7,3,4,5,7,10,10
521,6,6,8,2,5,9,4,4,0,6,10
522,10,6,5,0,8,0,9,0,1,3,0
523,6,5,8,3,5,6,2,7,0,8,3
524,7,8,1,5,7,4,5,6,0,4,8
525,4,9,3,10,2,4,3,1,6,7,0
526,6,3,10,7,10,2,0,6,9,6,0
527,1,9,4,5,8,4,3,1,2,8,2
528,8,8,2,6,4,2,7,8,8,4,7
529,4,8,9,6,8,0,5,2,10,6,6
530,9,9,9,3,10,6,5,6,6,2,7
531,4,5,8,7,6,8,10,3,10,5,4
532,3,0,7,5,6,2,3,3,10,8,10
533,0,5,4,10,6,1,8,0,4,7,6
534,3,1,2,6,7,10,2,3,0,6,4
535,5,0,6,2,1,10,2,0,6,9,3
536,8,1,10,3,6,2,4,10,7,8,6
537,10,8,1,4,5,8,1,5,5,0,1
538,10,2,1,7,7,1,8,8,0,4,2
539,2,3,6,9,2,5,4,1,6,3,10
540,4,5,5,10,8,6,10,9,10,4,3
541,10,3,6,5,9,1,9,5,8,6,8
542,1,6,3,10,3,0,9,7,10,5,4
543,3,10,1,5,6,4,10,7,5,3,1
544,1,5,9,0,3,7,4,2,9,6,6
545,10,5,4,7,3,6,0,8,8,5,4
546,6,6,5,4,4,7,3,3,2,8,0
547,8,0,7,6,9,4,2,10,1,5,7
548,10,1,2,0,3,9,3,6,10,7,8
549,6,9,6,5,0,1,1,10,0,6,2
550,4,8,1,0,6,10,0,1,0,3,1
551,7,2,0,5,5,2,1,1,2,2,4
552,10,2,8,1,1,2,8,10,5,6,9
553,9,6,8,7,5,6,1,4,9,3,10
554,8,10,3,8,2,10,7,7,10,6,4
555,5,5,8,5,7,8,9,2,0,8,10
556,6,2,10,4,5,9,9,2,4,4,4
557,2,0,10,4,7,0,4,7,8,3,2
558,7,4,10,6,7,5,1,10,3,3,2
559,8,4,9,0,4,1,2,3,4,9,4
560,5,3,8,7,3,4,2,9,1,8,0
561,2,4,2,1,8,4,0,1,5,10,8
562,6,7,3,0,2,0,4,1,6,3,5
563,0,1,9,10,0,3,2,1,1,6,4
564,4,5,10,0,2,3,0,5,4,3,7
565,5,9,7,2,6,7,5,9,4,2,3
566,6,3,6,8,3,9,9,0,3,8,1
567,4,6,3,6,6,3,7,7,6,2,3
568,4,1,1,1,1,5,1,3,2,2,3
569,5,4,9,2,1,9,4,0,5,7,4
570,9,9,7,9,9,9,0,7,0,2,1
571,4,5,4,3,7,0,0,6,3,4,5
572,2,8,5,3,3,6,1,2,9,8,2
573,8,5,2,2,6,10,6,10,10,5,5
574,4,4,4,1,5,6,10,5,2,10,2
575,2,9,4,0,2,0,9,1,2,7,4
576,7,5,8,5,0,0,1,3,0,7,6
577,5,6,8,1,7,10,5,4,1,5,1
578,4,5,0,1,2,6,4,2,8,7,5
579,1,3,6,7,3,9,2,6,3,9,10
580,5,8,10,10,1,7,10,9,3,4,1
581,7,7,10,1,3,8,9,0,8,5,6
582,7,0,3,2,6,9,4,9,4,2,10
583,9,1,7,1,9,1,5,9,6,7,0
584,0,7,0,10,0,4,4,2,3,1,3
585,10,4,8,2,6,4,8,4,7,10,9
586,7,7,9,2,7,5,2,1,4,0,7
587,9,1,4,10,7,6,6,3,7,10,2
588,2,4,2,4,7,2,5,6,8,5,1
589,0,1,4,9,9,3,3,0,4,8,10
590,8,8,1,0,10,6,4,5,2,0,10
591,7,9,9,0,7,3,4,7,5,6,4
592,6,5,6,1,4,3,10,8,3,8,10
593,3,2,4,1,10,9,5,6,6,9,0
594,1,1,4,1,8,6,9,8,0,6,10
595,5,6,0,5,4,3,5,9,1,1,0
596,9,5,3,2,1,1,3,2,8,4,6
597,8,0,5,4,8,10,10,5,5,10,9
598,10,1,5,7,10,3,6,0,0,10,1
599,4,5,10,0,10,4,2,8,3,8,4
600,0,9,6,7,9,1,5,9,5,5,10
601,8,2,2,6,1,6,1,10,4,5,10
602,10,1,7,10,0,6,10,0,0,6,4
603,4,5,6,0,4,4,1,6,6,1,1
604,10,8,4,4,1,9,4,2,9,10,10
605,10,8,1,6,2,1,1,10,2,9,4
606,6,6,9,8,9,10,6,4,8,7,2
607,7,4,3,8,10,8,4,0,8,9,10
608,3,2,5,7,9,2,2,4,5,10,7
609,5,0,4,7,5,8,1,6,7,5,9
610,4,7,10,5,8,5,2,8,2,0,1
611,4,5,3,4,3,0,6,7,8,4,10
612,0,1,4,8,1,1,2,6,8,5,10
613,0,7,1,1,6,3,1,3,4,1,5
614,10,9,6,10,2,10,1,6,7,10,6
615,10,1,8,8,0,6,9,10,4,0,0
616,10,1,9,2,2,0,3,9,4,6,7
617,8,3,0,3,2,9,6,4,6,2,7
618,2,2,8,6,7,10,1,2,7,8,6
619,5,0,3,1,10,6,4,6,10,8,5
620,7,6,10,7,5,8,0,0,3,5,7
621,6,9,0,1,3,2,2,6,9,3,4
622,10,5,7,4,5,1,9,9,7,7,7
623,3,10,6,9,9,4,5,0,10,1,4
624,7,4,9,6,6,6,5,2,8,7,5
625,6,2,8,5,1,9,7,0,5,4,10
626,10,0,1,4,2,0,10,5,1,6,2
627,6,1,9,3,7,10,5,4,9,10,8
628,0,4,2,8,7,7,5,6,2,7,8
629,4,10,5,3,3,2,3,3,5,6,0
630,7,9,1,8,2,3,8,0,2,0,10
631,0,0,3,1,9,8,10,5,8,6,0
632,5,2,9,2,5,5,4,1,3,5,6
633,8,8,7,4,7,3,8,2,2,6,2
634,8,2,0,8,5,2,0,0,9,2,8
635,1,9,10,9,10,0,3,6,5,7,0
636,9,9,10,2,5,4,10,7,9,1,4
637,10,6,1,5,10,2,2,6,0,7,2
638,5,1,8,6,1,3,6,3,10,3,8
639,9,2,3,9,8,4,8,10,4,3,2
640,4,4,3,3,0,10,7,3,2,10,8
641,7,9,0,8,2,8,4,7,9,2,8
642,2,10,3,4,0,5,9,0,9,0,9
643,9,8,2,1,3,3,8,1,10,5,6
644,1,10,6,0,1,5,3,0,4,10,7
645,10,4,4,8,5,7,2,2,3,0,1
646,8,7,1,2,3,3,3,5,3,0,1
647,4,0,5,10,4,5,2,2,7,10,10
648,9,0,9,1,8,10,2,6,1,8,8
649,3,0,9,2,6,5,2,5,2,5,5
650,5,6,9,1,5,2,6,2,5,3,6
651,6,10,2,7,8,1,3,5,5,1,5
652,5,5,7,9,0,9,4,4,1,8,8
653,2,6,9,2,1,4,4,2,3,1,2
654,10,0,2,7,3,4,3,4,6,4,7
655,7,6,5,6,8,1,4,6,4,10,1
656,4,4,7,2,1,6,8,6,0,10,0
657,7,6,8,1,7,9,8,10,7,10,7
658,7,6,3,4,2,4,9,9,0,0,10
659,4,8,2,3,10,2,7,5,8,10,9
660,3,7,5,7,5,2,0,5,0,2,7
661,3,8,0,6,6,2,10,9,9,2,2
662,5,5,4,8,10,1,5,1,4,1,4
663,3,7,0,5,10,5,10,4,2,0,3
664,6,4,9,9,9,9,5,6,4,10,0
665,4,9,10,10,4,2,10,5,9,1,8
666,9,7,9,6,7,10,6,0,9,10,5
667,7,3,3,7,9,0,8,4,10,8,0
668,6,5,7,8,9,7,4,3,2,0,6
669,10,0,6,4,2,4,9,10,6,8,7
670,3,3,1,4,6,4,4,5,4,0,9
671,10,3,10,6,4,4,5,7,9,0,8
672,2,5,4,9,0,5,10,9,7,3,4
673,0,10,5,3,7,4,0,9,1,0,4
674,1,7,9,2,0,5,5,9,9,8,3
675,3,9,7,6,10,2,1,0,6,0,0
676,1,2,7,2,8,3,8,9,0,7,3
677,7,8,1,5,4,9,8,6,4,3,6
678,6,1,0,0,10,9,0,7,8,1,6
679,7,2,4,3,9,10,7,2,7,5,1
680,3,8,9,10,7,3,4,8,9,9,7
681,1,9,5,1,6,5,8,2,2,4,7
682,2,4,10,2,6,10,5,8,1,0,4
683,10,4,1,1,10,10,10,4,5,4,1
684,7,5,9,5,8,7,4,0,8,1,7
685,1,0,5,0,5,8,6,10,6,8,0
686,6,6,2,9,9,3,2,5,6,4,9
687,1,7,4,9,2,4,10,8,5,4,1
688,10,10,7,2,9,1,10,3,8,1,10
689,0,9,3,3,7,1,2,8,10,7,9
690,8,10,0,6,5,4,9,1,5,0,5
691,9,2,9,5,0,7,5,0,3,1,9
692,1,0,4,2,3,2,10,1,0,1,8
693,3,2,2,4,1,4,3,0,9,9,7
694,4,8,1,5,1,4,2,7,7,5,9
695,3,3,5,6,10,0,9,7,10,9,7
696,9,5,9,5,9,5,1,5,1,0,2
697,8,4,6,8,5,5,6,0,10,5,9
698,1,2,4,10,9,0,2,0,6,4,3
699,6,10,0,2,2,6,10,10,6,4,5
700,5,10,0,0,1,1,1,8,10,2,3
701,10,7,3,3,6,7,6,7,8,8,4
702,4,2,7,0,6,7,0,0,9,0,6
703,0,2,5,10,2,6,9,10,5,1,10
704,7,7,4,4,4,10,8,0,6,10,3
705,6,1,4,8,10,4,3,1,4,10,2
706,8,5,0,0,9,9,0,5,4,8,10
707,1,0,10,3,6,4,3,9,3,10,9
708,1,3,2,10,3,3,4,2,2,6,8
709,0,5,4,7,0,8,6,6,0,0,0
710,6,9,6,7,3,9,10,8,2,7,5
711,10,1,8,0,3,9,10,2,10,6,2
712,8,9,5,9,8,0,1,1,3,9,7
713,1,10,1,5,2,8,6,0,2,5,9
714,8,8,1,1,3,9,2,8,4,1,2
715,2,7,5,2,10,10,5,3,1,1,9
716,5,7,10,9,7,4,9,7,4,9,9
717,5,10,8,1,1,6,8,4,2,2,0
718,7,8,8,4,7,0,3,8,3,10,0
719,6,9,9,2,10,5,6,3,5,0,1
720,1,5,6,1,10,8,0,0,10,4,10
721,8,10,5,8,0,7,3,1,4,10,9
722,7,3,9,5,3,5,1,4,6,3,2
723,6,1,1,2,6,3,9,9,2,2,4
724,8,0,6,9,10,10,5,9,7,7,2
725,6,6,0,2,3,4,4,5,7,3,4
726,5,1,10,2,6,9,9,3,1,6,6
727,4,3,8,8,2,0,3,1,3,6,0
728,7,3,5,8,7,2,7,2,10,5,4
729,10,9,10,7,9,9,9,9,6,7,1
730,4,0,7,9,4,7,4,2,10,9,4
731,5,0,9,8,9,3,1,0,0,4,0
732,7,10,1,8,10,10,0,3,6,4,4
733,2,1,0,10,10,3,1,9,2,8,8
734,6,0,7,8,0,9,9,1,10,8,0
735,3,0,10,4,3,5,6,7,10,2,5
736,0,5,10,4,4,8,4,7,6,4,5
737,3,5,2,8,6,4,7,6,0,7,3
738,5,0,9,6,2,5,6,5,7,6,6
739,7,8,8,0,7,7,8,1,2,4,6
740,6,0,7,2,3,7,8,10,6,9,4
741,1,10,5,0,1,6,4,9,5,4,9
742,6,6,0,8,0,0,1,7,10,5,2
743,8,7,5,3,4,8,9,5,2,2,1
744,3,4,4,7,0,8,10,5,10,10,10
745,7,3,4,0,3,7,1,1,4,7,8
746,0,6,7,2,0,1,4,3,1,1,8
747,8,0,3,6,2,10,8,4,9,1,7
748,3,8,2,6,0,0,10,7,9,8,6
749,10,0,3,2,8,8,3,10,9,2,2
750,7,7,1,6,6,6,4,8,4,7,9
751,5,1,7,8,3,10,5,8,3,2,7
752,10,9,8,8,10,10,4,6,0,0,1
753,7,4,1,1,0,9,0,9,4,6,9
754,9,3,9,10,10,4,3,6,9,7,1
755,6,6,8,9,1,2,7,0,9,4,0
756,3,0,4,6,7,1,3,0,2,10,8
757,5,5,5,6,5,4,5,7,6,4,10
758,6,5,1,0,4,7,6,10,4,10,7
759,5,3,0,0,8,10,7,3,6,9,3
760,2,10,3,8,4,3,3,9,3,10,2
761,3,8,10,10,8,5,6,8,9,4,6
762,1,5,7,6,8,4,8,0,7,5,8
763,8,4,5,4,8,10,8,7,7,6,7
764,3,6,1,0,8,0,10,6,0,10,2
765,0,9,3,3,3,10,3,9,1,1,4
766,3,4,0,0,4,6,2,7,2,6,10
767,7,5,2,7,1,2,7,1,4,2,9
768,5,9,9,8,2,3,3,5,7,5,0
769,0,8,10,1,4,6,4,10,3,8,0
770,1,8,2,0,3,8,0,1,0,5,4
771,7,6,3,5,5,2,4,1,2,10,1
772,6,5,5,4,3,1,0,4,3,9,5
773,4,9,2,8,5,5,3,6,3,4,1
774,10,7,2,0,0,9,0,3,0,10,2
775,6,7,4,9,10,6,8,5,7,7,8
776,3,3,3,8,7,5,8,6,6,5,1
777,5,4,8,0,2,3,4,2,9,10,7
778,7,5,9,5,8,5,10,5,5,4,8
779,6,8,10,0,8,4,0,5,1,2,4
780,3,7,7,4,4,7,6,2,3,5,2
781,5,6,10,9,7,8,4,4,4,0,1
782,1,4,10,4,2,1,0,10,2,7,8
783,6,10,8,6,7,1,1,8,10,1,1
784,8,7,4,0,0,5,3,7,4,8,9
785,4,6,4,7,9,6,4,0,9,8,2
786,2,9,9,3,10,2,4,0,0,1,7
787,6,3,3,0,2,4,7,4,8,3,2
788,2,7,8,10,8,7,7,3,10,10,9
789,1,3,10,6,8,10,4,4,7,3,10
790,4,2,5,3,8,6,2,5,1,0,0
791,6,3,3,5,7,1,9,0,6,1,4
792,0,4,10,6,1,10,3,8,0,6,0
793,10,9,4,8,8,1,7,0,6,7,6
794,4,7,0,9,5,3,6,2,8,6,2
795,7,1,5,5,7,10,8,0,9,6,0
796,6,7,2,7,7,0,6,2,9,8,3
797,1,4,10,1,4,7,10,4,1,4,7
798,7,3,3,2,0,0,8,0,6,6,0
799,6,8,0,5,0,2,9,2,1,6,1
800,0,1,10,5,6,5,4,2,0,10,7
801,4,4,7,1,7,2,8,6,1,5,6
802,8,5,2,8,0,9,4,7,4,10,2
803,2,3,7,7,8,3,10,0,10,4,2
804,8,9,5,6,3,3,10,5,0,2,7
805,5,5,8,5,1,1,3,6,3,6,3
806,8,6,0,5,10,8,5,1,9,5,10
807,6,3,0,1,3,8,2,4,10,2,10
808,5,2,2,2,7,8,10,9,10,8,1
809,8,8,4,8,0,2,0,8,3,1,8
810,0,1,8,10,2,0,4,10,6,6,0
811,0,4,1,8,3,10,7,8,1,1,9
812,1,5,5,9,5,4,7,1,2,3,4
813,1,1,4,7,7,9,8,8,6,0,8
814,2,4,6,3,6,2,6,3,5,4,2
815,8,0,6,0,2,0,3,6,1,8,10
816,8,7,4,7,1,7,6,2,2,2,5
817,3,6,4,7,0,3,7,5,6,5,2
818,6,7,9,0,2,7,3,8,1,3,4
819,8,5,6,10,5,7,10,3,1,0,4
820,8,7,10,5,10,10,7,7,4,8,7
821,5,7,2,8,5,5,0,9,4,5,1
822,5,8,3,6,9,0,8,5,5,10,8
823,7,0,6,6,0,9,6,3,0,2,4
824,7,7,0,7,1,7,9,8,9,6,1
825,0,9,0,2,7,8,10,8,5,0,9
826,6,9,6,2,6,1,10,7,5,3,4
827,10,7,10,4,6,9,3,6,9,3,9
828,7,10,3,8,4,1,5,7,5,1,1
829,9,6,5,1,9,1,4,9,2,8,5
830,2,1,6,9,1,7,4,4,8,2,7
831,2,6,9,3,8,5,9,1,6,2,1
832,7,5,9,2,2,8,7,2,4,2,4
833,8,0,3,7,4,1,1,7,1,4,0
834,5,2,3,7,3,2,3,9,3,10,7
835,9,3,0,5,2,10,9,10,2,7,4
836,7,0,4,0,6,7,2,10,1,2,10
837,6,10,0,0,5,5,0,8,0,5,8
838,8,7,10,5,10,0,9,10,7,1,5
839,1,9,3,9,0,3,8,0,1,6,0
840,9,1,5,4,7,7,8,9,4,2,2
841,1,0,9,0,10,7,1,3,4,0,3
842,6,5,1,9,0,9,1,8,10,6,3
843,3,2,9,0,4,10,9,10,1,7,6
844,3,1,6,9,0,6,9,5,4,2,8
845,0,4,10,10,8,2,2,9,0,1,8
846,1,0,1,10,3,2,0,1,7,9,0
847,2,1,3,3,3,9,8,4,8,6,6
848,7,8,8,10,2,0,5,3,2,0,10
849,6,7,3,9,3,6,0,5,0,3,3
850,2,4,10,0,4,8,5,2,6,4,3
851,4,10,9,1,0,0,9,3,6,4,9
852,3,7,1,3,1,3,2,4,6,1,10
853,3,5,3,4,8,8,1,8,8,6,4
854,3,4,8,5,1,4,8,6,4,9,6
855,5,5,1,7,6,5,8,6,2,3,0
856,8,9,6,2,1,6,3,8,8,7,4
857,5,8,9,9,0,7,6,7,9,9,1
858,1,2,5,1,9,10,9,3,1,4,7
859,8,6,5,10,4,9,4,1,10,7,9
860,7,6,0,0,1,9,3,6,7,5,10
861,5,3,9,5,0,3,5,5,7,10,4
862,1,3,10,8,3,5,2,7,1,8,10
863,7,10,5,1,2,3,2,6,2,1,4
864,1,5,0,5,6,7,2,3,8,1,7
865,8,9,2,3,4,5,10,7,7,5,4
866,8,6,4,3,10,3,1,4,10,10,3
867,7,0,7,6,1,1,6,4,5,3,3
868,5,9,10,5,8,1,6,5,6,2,6
869,5,8,3,2,9,2,0,1,4,2,6
870,7,10,6,5,8,8,5,9,6,2,1
871,10,6,10,0,5,1,2,5,0,0,5
872,4,8,8,1,7,5,5,8,10,3,6
873,2,7,5,0,0,8,1,1,3,10,1
874,0,3,8,4,7,6,8,3,6,2,7
875,3,4,1,0,7,6,8,9,1,7,4
876,3,1,6,6,8,4,0,8,9,6,6
877,10,8,8,5,2,3,0,1,1,9,5
878,7,9,10,2,4,0,10,9,5,0,6
879,10,7,7,2,1,6,6,1,7,4,3
880,2,8,6,4,7,6,9,6,10,4,4
881,8,2,3,3,4,9,9,10,4,2,6
882,7,3,3,6,5,3,2,5,9,5,8
883,8,10,8,2,4,5,3,7,8,9,0
884,1,5,9,6,0,10,9,1,9,10,3
885,9,2,3,0,7,7,7,3,10,2,10
886,10,3,7,9,9,9,1,5,7,7,0
887,4,4,9,6,3,7,4,2,0,7,7
888,4,1,5,4,9,9,4,5,8,9,9
889,4,1,0,5,6,4,3,5,1,9,8
890,6,7,0,4,2,9,10,9,9,3,0
891,9,10,7,1,2,7,10,5,1,10,6
892,0,0,5,7,0,9,7,10,0,7,9
893,4,8,0,0,4,5,0,2,0,9,7
894,4,3,4,8,2,3,2,9,6,3,0
895,10,2,10,5,7,9,2,8,3,5,5
896,3,1,1,7,2,10,10,2,8,3,1
897,4,7,5,6,4,10,0,6,7,2,3
898,1,3,0,4,10,10,3,9,4,1,7
899,4,3,1,3,0,6,6,6,3,9,8
900,10,2,2,10,6,8,0,1,9,6,3
901,8,4,7,10,8,8,9,0,8,10,3
902,9,0,1,8,2,3,1,8,6,4,6
903,8,8,10,7,9,0,2,9,8,10,0
904,7,5,3,9,1,6,1,7,3,7,5
905,2,4,0,0,1,3,9,0,6,1,5
906,2,8,3,1,5,3,2,1,4,4,7
907,10,1,6,2,10,5,9,8,8,10,5
908,5,7,2,10,2,9,5,10,5,1,5
909,4,1,2,4,7,10,10,10,1,3,8
910,8,5,9,4,5,2,2,6,9,7,4
911,0,6,8,9,1,4,8,5,7,1,4
912,3,1,7,7,3,3,7,6,7,9,4
913,0,6,0,10,9,10,6,5,5,8,1
914,8,4,7,6,10,6,1,8,10,5,1
915,6,3,0,4,3,4,1,9,9,4,7
916,2,8,2,2,4,9,6,0,6,1,9
917,3,6,4,3,10,6,8,4,4,3,3
918,1,10,7,4,7,2,5,5,2,2,2
919,8,4,9,10,1,2,2,0,10,1,5
920,0,4,9,0,4,9,2,0,10,6,0
921,2,10,8,10,5,3,8,7,2,9,3
922,3,0,1,9,5,8,0,9,1,4,3
923,2,2,4,6,8,6,5,0,2,4,6
924,0,5,7,2,6,8,8,0,1,2,2
925,3,9,1,9,5,4,9,8,4,3,5
926,5,9,8,4,2,8,5,3,3,4,6
927,5,4,7,7,9,0,1,5,0,2,5
928,8,3,8,10,9,5,0,1,3,1,0
929,10,7,7,0,10,4,3,7,6,7,2
930,8,3,2,2,3,9,6,9,6,10,7
931,9,2,9,9,9,7,2,4,0,1,6
932,0,9,6,0,8,1,8,0,7,10,0
933,6,3,8,2,5,0,7,7,7,1,9
934,10,6,8,1,4,4,5,3,4,8,9
935,1,9,5,4,10,9,5,9,4,9,5
936,3,8,8,0,8,3,2,4,3,10,4
937,7,9,6,3,1,5,10,7,5,6,6
938,5,7,3,7,8,8,0,6,1,4,8
939,4,5,9,5,10,0,5,0,3,4,2
940,0,5,4,2,9,5,3,3,8,2,9
941,10,1,5,9,4,2,10,2,1,5,8
942,2,5,6,6,7,10,10,1,8,6,1
943,3,4,4,8,7,8,6,1,7,3,7
944,9,1,5,2,2,7,0,0,5,0,3
945,8,4,3,4,9,6,0,1,1,8,8
946,5,10,7,1,4,9,8,9,10,10,7
947,4,8,5,3,5,6,2,7,5,0,3
948,9,5,1,8,4,1,8,0,5,7,0
949,4,1,0,5,1,9,3,10,8,7,2
950,1,10,7,0,3,10,7,7,9,10,1
951,1,9,1,3,8,7,0,9,0,6,9
952,2,1,10,3,6,5,5,5,9,7,7
953,1,10,8,8,3,7,0,5,10,3,3
954,1,1,3,7,6,1,7,4,0,4,3
955,7,8,0,2,7,6,9,6,6,7,9
956,0,7,5,2,2,6,4,3,3,10,6
957,3,10,3,4,9,10,7,9,4,1,7
958,2,0,6,5,4,4,5,8,2,3,5
959,4,3,6,10,0,7,3,10,5,0,3
960,6,7,8,9,6,8,10,2,7,10,4
961,0,3,5,6,0,0,4,6,2,7,3
962,8,9,10,5,7,9,2,1,3,5,8
963,6,6,7,5,8,7,9,6,9,1,4
964,5,10,1,3,8,9,9,7,8,7,8
965,7,7,9,9,5,3,4,2,3,1,3
966,8,9,5,6,10,4,10,1,4,8,7
967,5,1,2,7,4,4,0,4,6,1,0
968,6,9,1,7,8,8,7,2,7,7,0
969,8,1,5,1,10,2,0,10,7,1,3
970,7,0,0,2,4,5,4,9,2,2,3
971,5,0,8,6,0,1,2,5,8,0,8
972,2,3,3,4,3,5,4,1,4,9,0
973,10,7,8,10,6,7,6,1,2,6,3
974,9,7,0,9,2,6,5,5,1,7,10
975,10,8,3,10,0,4,0,10,8,0,1
976,3,5,8,1,9,0,10,2,8,6,7
977,3,4,4,8,2,10,1,6,0,5,9
978,7,4,10,10,2,0,4,4,2,4,3
979,9,7,3,10,6,9,7,3,5,7,10
980,8,7,1,5,0,4,9,2,9,7,0
981,5,7,8,10,7,6,2,4,10,0,7
982,5,8,3,7,2,10,2,1,9,6,4
983,5,8,6,9,7,7,3,7,5,0,6
984,2,10,1,0,9,7,3,3,1,6,4
985,3,10,6,8,9,6,2,0,3,10,8
986,3,0,1,6,10,10,7,9,8,6,6
987,0,5,3,9,9,3,2,6,0,8,4
988,3,9,1,5,5,8,2,5,4,6,8
989,8,4,0,0,6,7,0,0,9,2,10
990,6,1,8,4,4,10,9,10,8,9,8
991,1,9,6,7,1,9,0,1,0,8,1
992,1,0,0,3,9,7,6,2,8,0,9
993,3,0,3,10,5,10,4,2,3,7,3
994,9,2,7,10,7,2,4,8,10,0,2
995,9,3,7,0,7,7,6,2,5,1,10
996,2,9,1,1,1,10,3,5,0,2,1
997,8,10,2,7,9,3,9,3,3,9,5
998,10,6,5,4,7,1,9,5,0,7,8
999,5,6,0,8,2,7,7,1,5,1,7
